region_id,pred_week1,pred_week2,pred_week3,pred_week4,pred_week5
R1,0.6,0.7,0.5,0.5,0.4
R2,0.2,0.4,0.6,0.3,0.2
R3,1.8,1.9,1.8,1.8,1.5
R4,1.7,1.8,2.2,2.3,2.8
R6,1.4,1.3,1.1,1.1,1.3
R7,0.3,0.2,0.2,0.4,0.3
R8,3.7,3.6,3.1,3.1,3.1
R9,1.8,1.7,1.6,1.7,1.5
R11,0.4,0.7,0.8,0.6,0.7
R13,0.0,0.1,0.6,0.2,0.2
R14,1.5,1.5,1.6,1.5,1.4
R15,3.0,2.9,3.1,2.6,2.8
R16,2.9,2.8,2.6,2.5,2.2
R18,1.4,1.7,1.5,1.3,1.3
R19,4.3,4.1,3.6,3.5,3.0
R20,2.7,2.7,2.7,2.5,2.5
R21,1.3,1.4,1.1,1.1,1.4
R23,1.9,2.0,1.9,1.8,1.9
R24,0.6,0.6,0.5,0.6,0.5
R25,1.5,1.7,1.6,1.7,1.5
R26,1.4,1.5,1.2,1.1,1.3
R27,1.0,1.1,0.8,0.8,0.8
R30,0.0,0.0,0.0,0.0,0.1
R31,1.9,1.9,2.0,1.9,1.5
R33,0.0,0.0,0.1,0.0,0.2
R34,2.7,2.6,2.8,2.6,2.7
R35,0.2,0.7,0.5,0.7,1.0
R36,0.0,0.0,0.1,0.0,0.0
R37,1.2,1.7,1.2,1.8,1.5
R41,1.2,1.4,1.4,1.6,1.4
R42,0.0,0.0,0.0,0.0,0.0
R43,1.0,0.8,0.8,0.6,0.5
R44,2.9,2.7,3.1,2.6,2.7
R45,0.0,0.0,0.0,0.0,0.0
R48,1.9,2.0,2.4,2.7,2.7
R49,0.6,0.3,0.1,0.1,0.7
R50,0.2,0.1,0.1,0.1,0.1
R51,3.2,3.0,2.8,2.7,2.7
R53,2.5,2.8,2.5,2.6,2.6
R55,1.1,1.1,1.3,1.5,1.6
R56,3.2,3.0,3.2,2.9,3.0
R57,0.0,0.1,0.1,0.1,0.1
R59,1.3,1.4,1.3,1.1,1.1
R61,2.4,2.4,2.4,2.2,2.0
R62,1.8,1.6,1.2,1.2,1.4
R63,0.1,0.2,1.0,0.5,0.6
R64,0.6,0.7,0.9,0.8,0.8
R65,0.0,0.2,0.6,0.4,0.5
R67,0.0,0.0,0.0,0.0,0.0
R68,2.7,2.7,3.0,2.6,2.8
R69,3.7,3.4,3.7,3.5,3.3
R70,1.2,1.3,1.3,1.3,1.1
R71,2.4,2.2,2.4,2.5,2.6
R72,2.8,2.6,2.7,2.8,2.6
R73,4.3,4.0,4.0,3.9,4.0
R74,3.5,3.3,3.4,3.2,3.0
R75,3.8,3.9,4.0,3.8,3.7
R76,2.0,1.9,2.0,2.1,1.9
R77,2.8,3.0,3.0,3.2,3.2
R78,1.5,1.4,1.4,1.4,1.3
R79,4.0,4.3,4.3,4.2,4.2
R80,3.9,3.5,3.8,3.7,3.6
R81,3.3,3.3,3.3,3.1,3.1
R82,3.5,3.3,3.4,3.2,3.1
R86,0.1,0.4,0.0,0.1,0.0
R90,1.0,0.5,1.0,0.2,0.1
R92,0.0,0.0,0.0,0.0,0.0
R96,0.3,0.3,0.3,0.4,0.4
R111,0.1,0.1,0.3,0.2,0.3
R119,0.6,0.5,0.4,0.6,0.5
R123,0.3,0.7,0.7,1.3,0.9
R128,0.6,0.5,0.4,0.3,0.1
R129,0.0,0.0,0.0,0.0,0.0
R132,0.0,0.0,0.0,0.0,0.0
R149,0.0,0.0,0.0,0.0,0.0
R152,1.3,1.1,1.0,0.9,1.0
R158,2.2,2.4,2.2,2.2,2.3
R159,1.1,0.7,0.7,0.7,0.7
R160,0.8,1.2,1.2,1.1,1.4
R161,1.9,1.9,2.1,1.8,1.8
R162,2.5,2.3,2.3,2.3,2.5
R163,2.2,2.3,2.1,2.3,2.4
R164,1.9,2.0,1.7,1.7,1.6
R165,1.0,1.1,1.1,1.3,1.6
R166,2.3,2.1,2.1,2.0,2.2
R167,1.8,1.9,1.8,1.9,1.9
R168,2.8,3.0,3.4,3.2,3.4
R169,0.9,1.7,1.5,1.6,1.6
R170,3.5,3.5,3.5,3.3,3.1
R171,3.0,3.1,3.1,3.3,3.2
R172,1.6,1.4,1.6,1.6,1.4
R173,2.4,2.4,2.5,2.7,2.6
R174,3.0,2.9,2.8,3.0,2.7
R175,2.5,2.5,2.5,2.4,2.5
R176,2.9,2.7,2.6,2.2,2.2
R177,2.1,2.1,2.2,2.2,2.2
R178,2.7,2.9,2.8,2.7,2.6
R179,1.4,1.3,1.4,1.2,1.5
R180,1.9,1.8,1.9,1.9,2.1
R181,2.2,2.1,2.1,2.1,2.1
R182,1.2,1.2,1.4,1.3,1.5
R183,0.9,0.9,1.0,1.1,1.2
R185,2.9,3.2,3.1,3.0,3.0
R186,2.3,2.5,2.5,2.4,2.4
R187,2.8,2.8,2.8,3.0,3.0
R188,2.3,2.0,2.3,2.2,2.2
R189,0.6,0.7,0.8,0.9,0.9
R190,3.3,3.0,3.4,3.2,3.2
R191,1.4,1.2,1.5,1.3,1.5
R192,2.3,2.1,2.3,2.2,2.2
R193,3.3,3.3,3.3,3.3,3.0
R194,0.1,0.1,0.1,0.0,0.0
R195,1.1,1.3,1.4,1.6,1.6
R196,1.9,1.8,1.9,2.0,1.8
R197,2.6,2.5,2.2,2.2,2.3
R198,2.4,2.4,2.3,2.4,2.3
R199,3.0,3.0,2.9,2.8,2.7
R200,2.2,2.2,1.9,1.8,1.6
R201,2.6,2.8,2.9,2.7,2.7
R202,2.4,2.3,2.3,2.0,2.0
R203,2.3,2.2,2.2,2.6,2.7
R204,2.6,2.7,2.8,2.5,2.6
R205,2.3,2.4,2.3,2.3,2.6
R206,3.0,3.4,3.0,2.7,3.0
R207,2.9,3.1,2.9,2.7,2.6
R208,2.3,2.4,2.4,2.3,2.3
R209,2.8,2.7,2.3,2.2,2.2
R210,2.1,1.7,1.6,1.8,1.5
R211,2.3,2.2,2.3,2.2,2.3
R212,0.2,0.2,0.3,0.3,0.3
R213,2.2,2.2,2.0,1.9,1.9
R214,3.0,2.9,2.9,2.6,2.9
R215,2.4,2.3,2.3,2.3,2.3
R216,2.8,2.8,2.9,2.8,2.8
R217,3.8,3.9,3.9,3.9,3.9
R218,2.5,2.7,2.9,2.8,3.0
R219,4.5,4.5,4.5,4.1,4.1
R220,3.2,3.4,3.3,3.2,3.1
R221,2.9,2.6,2.6,2.6,2.3
R222,2.2,2.3,2.3,2.7,2.7
R223,3.0,3.3,3.0,3.0,2.7
R224,3.7,3.6,3.8,3.6,3.7
R225,2.3,2.3,2.3,2.0,2.2
R226,3.3,3.4,3.3,3.4,3.2
R227,3.8,3.9,3.8,3.6,3.5
R228,3.9,4.0,4.0,3.8,3.8
R229,2.4,2.3,2.6,2.6,2.8
R230,3.9,3.6,3.8,3.1,3.2
R231,3.7,3.9,4.0,3.7,3.9
R232,2.8,2.9,3.0,2.6,2.6
R233,5.0,4.9,4.9,4.6,4.7
R234,3.0,3.2,3.1,3.0,2.7
R235,3.6,3.8,3.7,3.6,3.7
R236,3.1,3.1,2.8,2.9,2.8
R237,3.6,3.7,3.5,3.4,3.3
R238,3.5,3.5,3.7,3.4,3.5
R239,3.6,3.7,3.6,3.5,3.5
R240,3.4,3.2,3.3,3.3,3.2
R241,3.5,3.6,3.5,3.5,3.4
R242,4.6,4.7,4.7,4.6,4.6
R243,4.7,4.5,4.7,4.4,3.9
R244,3.3,3.3,3.4,3.1,3.2
R245,2.7,2.7,2.7,2.7,2.9
R246,3.0,3.2,3.2,3.0,3.0
R247,1.9,2.0,2.0,2.3,2.2
R248,2.1,2.4,2.7,2.9,3.0
R249,3.4,3.7,3.8,4.0,4.2
R250,4.9,4.8,4.7,4.8,4.8
R251,2.8,2.9,2.9,2.8,2.8
R252,2.8,3.0,3.0,2.9,3.0
R253,2.4,2.7,2.7,2.5,2.6
R254,2.4,2.4,2.5,2.5,2.8
R255,2.9,2.7,2.5,2.4,2.4
R256,4.5,4.4,4.5,3.7,3.6
R257,1.1,1.0,1.1,1.3,1.2
R258,4.3,4.3,4.2,4.0,4.0
R259,4.3,4.4,4.2,4.1,3.9
R260,2.4,2.2,2.6,2.7,2.7
R261,3.3,3.2,3.3,3.1,3.0
R262,4.5,4.2,4.3,4.2,3.9
R263,3.3,3.5,3.5,3.4,3.7
R264,1.2,1.2,1.3,1.5,1.6
R265,3.1,3.2,3.1,2.9,2.9
R266,1.8,1.8,2.1,2.1,2.5
R267,3.2,3.2,3.2,3.2,3.2
R268,1.4,1.2,1.2,1.4,1.6
R269,4.4,4.2,4.2,3.8,4.1
R270,4.0,4.0,3.9,3.9,3.8
R271,4.1,4.2,4.3,4.1,4.0
R272,4.1,4.0,4.0,3.8,3.9
R273,4.7,4.3,4.2,4.1,4.3
R274,2.6,2.7,2.6,2.8,2.7
R275,4.3,4.2,3.9,3.9,3.8
R276,3.1,3.2,3.3,3.2,3.2
R277,1.2,1.4,1.2,1.3,1.4
R278,1.9,1.9,2.3,2.6,2.6
R279,1.4,1.6,1.8,1.7,1.8
R281,1.9,2.0,2.1,1.8,2.1
R282,0.9,0.7,0.7,0.4,0.5
R283,0.2,0.1,0.1,0.1,0.0
R284,0.6,0.8,0.7,0.7,0.6
R285,0.0,0.0,0.0,0.0,0.0
R286,1.7,1.6,1.5,1.6,1.3
R287,2.1,2.2,2.1,1.6,1.7
R289,0.7,0.6,0.8,0.7,0.7
R290,0.0,0.1,0.0,0.0,0.1
R291,2.9,2.6,2.4,2.3,2.4
R292,0.7,0.6,0.7,0.8,0.8
R293,0.0,0.1,0.2,0.2,0.2
R294,0.1,0.1,0.3,0.3,0.3
R295,1.8,1.9,1.9,1.8,1.7
R296,1.7,1.6,1.6,1.4,1.2
R297,1.4,1.3,1.3,1.1,1.0
R298,1.3,1.4,1.5,1.4,1.2
R299,0.6,0.5,0.6,0.3,0.4
R300,0.5,0.5,0.3,0.3,0.2
R301,0.0,0.1,0.0,0.1,0.2
R302,2.1,2.4,2.6,2.1,2.2
R303,0.0,0.0,0.0,0.1,0.2
R304,0.2,0.1,0.1,0.3,0.5
R305,0.8,0.8,0.9,0.7,0.8
R306,0.2,0.6,0.2,0.4,0.3
R307,0.0,0.0,0.0,0.1,0.1
R308,0.8,0.8,0.8,1.0,1.1
R309,0.0,0.0,0.0,0.0,0.0
R310,0.2,0.4,0.3,0.5,0.5
R311,0.1,0.2,0.2,0.5,0.5
R312,2.5,2.6,2.3,2.2,2.3
R313,0.0,0.0,0.2,0.0,0.3
R314,0.1,0.0,0.0,0.5,0.3
R315,1.9,1.8,2.0,2.1,1.9
R316,3.9,3.9,4.1,3.6,3.5
R317,1.5,1.5,1.4,1.4,1.4
R318,1.8,1.8,1.6,1.5,1.4
R319,0.9,1.0,1.1,1.0,1.1
R320,0.2,0.5,0.1,0.1,0.3
R321,0.0,0.0,0.1,0.1,0.1
R322,1.2,1.3,1.2,1.3,1.5
R323,0.0,0.0,0.0,0.1,0.2
R324,0.1,0.1,0.1,0.1,0.5
R325,1.3,1.2,1.2,1.6,1.7
R326,0.8,0.7,0.6,0.5,0.8
R327,0.7,0.5,0.1,0.2,0.3
R328,0.6,0.5,0.5,0.7,0.7
R329,0.7,0.6,0.5,0.6,0.9
R330,0.3,0.5,0.7,0.5,0.7
R331,0.0,0.0,0.0,0.0,0.0
R332,1.4,1.5,1.4,1.4,1.5
R333,2.5,2.5,2.4,2.3,2.3
R334,0.8,0.5,0.6,0.7,0.7
R335,3.1,3.1,3.1,2.6,2.5
R336,1.3,1.1,0.9,1.0,1.3
R337,0.8,1.1,1.2,1.3,1.4
R338,3.0,2.8,2.7,2.8,2.7
R339,1.6,1.5,1.4,1.6,1.5
R340,2.5,2.2,2.0,2.1,1.8
R341,2.8,2.8,2.7,2.7,2.3
R342,0.6,0.6,0.6,0.8,1.0
R343,0.7,0.7,0.7,0.8,0.9
R344,1.6,1.6,1.7,1.7,1.7
R345,1.7,1.7,1.6,1.7,1.5
R346,0.3,0.3,0.1,0.2,0.5
R347,2.6,2.6,2.4,2.4,2.3
R348,0.0,0.1,0.0,0.0,0.3
R349,0.0,0.0,0.1,0.6,0.9
R350,1.5,1.5,1.5,1.5,1.5
R351,1.8,1.9,1.7,1.5,1.5
R352,0.0,0.1,0.2,0.1,0.7
R353,0.1,0.1,0.0,0.0,0.0
R354,1.2,1.1,1.2,1.3,1.2
R355,0.6,0.7,0.7,1.0,1.1
R356,0.0,0.0,0.0,0.0,0.0
R357,0.5,0.5,0.3,0.5,0.4
R358,0.0,0.1,0.2,0.4,0.7
R359,1.4,1.3,1.4,1.5,1.6
R360,1.4,1.4,1.5,1.7,1.8
R361,1.4,1.4,1.5,1.5,1.8
R362,0.4,0.5,0.6,0.8,1.3
R363,1.4,1.4,1.4,1.4,1.5
R364,1.5,1.5,1.2,1.7,1.4
R365,2.2,2.1,2.1,2.3,2.3
R366,1.2,1.1,1.2,1.0,1.0
R367,1.0,1.1,1.2,1.5,1.6
R368,0.0,0.0,0.1,0.2,0.4
R369,2.9,2.6,2.5,2.5,2.4
R370,0.9,0.9,1.0,1.0,1.1
R371,2.7,2.7,2.7,2.4,2.4
R372,0.0,0.0,0.0,0.1,0.0
R373,0.0,0.0,0.0,0.1,0.1
R374,1.1,1.0,0.9,1.0,1.0
R375,0.8,1.1,1.3,1.2,1.6
R376,0.9,0.7,0.5,0.6,0.7
R377,1.5,1.5,2.0,2.1,2.2
R378,0.0,0.1,0.2,0.1,0.4
R379,1.2,1.1,1.1,1.1,1.3
R380,2.9,2.7,2.5,2.5,2.6
R381,0.2,0.3,0.2,0.3,0.4
R382,0.0,0.2,0.2,0.3,0.4
R383,0.3,0.2,0.3,0.2,0.4
R384,0.7,0.7,0.5,0.5,0.5
R385,3.1,3.1,2.9,2.7,2.7
R386,0.7,0.7,0.5,0.5,0.6
R387,0.1,0.0,0.0,0.0,0.0
R388,0.9,0.7,0.7,0.7,1.0
R389,1.1,1.1,0.8,1.0,0.9
R390,1.7,1.8,2.0,1.7,1.6
R391,2.5,2.6,2.5,2.8,2.7
R392,0.5,0.7,0.4,0.6,0.7
R393,0.9,0.9,0.3,0.2,0.4
R394,0.1,0.3,0.7,0.6,0.9
R395,1.4,1.7,1.9,1.7,1.7
R396,0.8,0.8,0.7,0.9,0.8
R397,2.9,2.6,2.5,2.5,2.3
R398,1.3,1.1,1.3,1.4,1.6
R399,0.4,0.6,0.2,0.3,0.0
R400,0.5,0.4,0.4,0.6,0.6
R401,0.1,0.4,0.4,0.4,0.9
R402,3.4,3.3,3.2,2.9,2.9
R403,1.0,1.2,1.4,1.3,1.4
R404,1.3,1.4,1.2,1.3,1.3
R405,0.4,0.4,0.2,0.3,0.2
R406,0.7,0.5,0.4,0.7,0.5
R407,0.5,0.5,0.3,0.2,0.3
R408,0.0,0.0,0.0,0.0,0.2
R409,0.3,0.2,0.0,0.0,0.0
R410,1.4,1.6,1.3,1.5,1.4
R411,0.8,0.6,0.4,0.6,0.6
R412,1.5,1.4,1.6,1.6,1.7
R413,0.5,0.5,0.2,0.5,0.5
R414,3.6,3.4,3.4,2.9,3.0
R415,1.3,1.2,1.0,1.3,1.1
R416,1.0,1.0,0.7,0.7,0.5
R417,0.3,0.2,0.2,0.2,0.2
R418,3.5,3.3,3.2,2.9,3.0
R419,0.0,0.2,0.1,0.0,0.0
R420,1.0,0.9,1.1,1.2,1.5
R421,0.6,1.0,0.9,0.7,1.1
R422,1.2,1.1,1.0,1.2,1.0
R423,1.5,1.2,1.1,0.9,1.0
R424,2.6,2.8,2.7,2.8,2.8
R425,0.1,0.1,0.0,0.2,0.0
R426,0.2,0.3,0.3,0.5,0.6
R427,0.8,0.6,0.6,0.6,0.5
R428,3.1,3.0,3.2,2.7,2.8
R429,1.5,1.4,0.9,1.0,0.9
R430,2.8,2.7,2.7,2.6,2.5
R431,1.2,1.1,0.9,0.8,0.8
R432,1.4,1.5,1.2,1.5,1.4
R433,3.5,3.2,3.1,2.9,2.7
R434,3.1,2.9,2.9,2.4,2.6
R435,2.2,2.5,2.7,2.7,2.6
R436,1.1,1.0,0.8,0.7,1.0
R437,0.7,0.8,0.8,0.9,1.1
R438,1.7,1.7,1.8,2.2,2.3
R439,1.4,1.0,0.9,1.0,0.8
R440,1.2,1.0,1.0,1.1,1.1
R441,2.7,2.5,2.6,2.5,2.5
R442,3.5,3.4,3.3,2.9,2.8
R443,0.0,0.0,0.0,0.0,0.0
R444,0.0,0.0,0.1,0.0,0.6
R445,2.0,2.1,1.9,2.1,1.9
R446,0.0,0.1,0.1,0.4,0.1
R447,0.6,0.5,0.3,0.2,0.1
R448,0.0,0.1,0.1,0.2,0.3
R449,0.9,0.7,0.4,0.4,0.6
R450,0.0,0.0,0.0,0.0,0.0
R451,1.8,1.6,1.6,1.8,1.4
R452,0.6,0.3,0.3,0.2,0.1
R453,0.1,0.0,0.0,0.0,0.1
R454,0.3,0.3,0.3,0.3,0.2
R455,1.1,1.1,1.0,1.0,1.0
R456,0.4,0.6,0.4,0.6,0.6
R457,3.8,3.4,3.5,3.2,3.0
R458,0.1,0.1,0.2,0.0,0.4
R459,1.7,1.3,1.5,1.8,2.0
R460,0.3,0.0,0.0,0.1,0.0
R461,1.3,1.1,1.1,1.1,1.3
R462,1.2,1.1,0.8,1.0,1.0
R463,0.7,0.6,0.4,0.4,0.4
R464,0.8,0.9,0.8,0.9,1.1
R465,3.5,3.2,3.3,3.0,2.9
R466,1.3,1.4,1.1,1.5,1.4
R467,1.6,1.6,1.4,1.8,1.6
R468,2.0,1.9,2.0,2.3,2.0
R469,0.7,0.7,0.8,0.8,0.7
R470,0.2,0.5,0.3,0.6,0.4
R471,2.0,2.1,1.9,2.0,1.8
R472,1.2,0.9,0.7,0.8,0.8
R473,1.4,1.2,0.9,1.0,1.1
R474,1.0,1.2,1.3,1.5,1.5
R475,0.9,0.7,0.6,0.5,0.5
R476,0.7,0.8,0.6,0.6,0.7
R477,1.6,1.6,1.5,1.7,1.3
R478,0.2,0.3,0.5,0.4,0.4
R479,2.0,1.8,1.9,2.1,2.1
R480,3.2,2.9,2.9,2.5,2.9
R481,1.9,1.9,1.8,1.8,1.9
R482,1.3,1.1,1.1,1.1,1.2
R483,1.6,1.5,1.2,1.3,1.2
R484,3.4,3.1,3.3,3.0,3.0
R485,0.9,0.9,0.5,0.5,0.5
R486,1.0,1.0,1.0,1.2,1.3
R487,3.1,2.7,2.9,2.8,2.9
R488,2.2,2.0,2.0,2.2,2.2
R489,1.4,1.5,1.2,1.6,1.5
R490,0.8,0.9,1.0,1.3,1.2
R491,1.0,0.9,0.7,0.6,0.5
R492,1.3,1.5,1.4,1.7,1.8
R493,1.0,1.0,1.1,1.0,1.0
R494,0.0,0.0,0.0,0.0,0.0
R495,1.2,1.0,1.2,1.3,1.3
R496,1.4,1.3,1.2,1.8,1.9
R497,0.5,0.5,0.4,0.6,0.6
R498,1.3,1.2,1.1,1.2,1.2
R499,1.5,1.6,1.3,1.5,1.3
R500,0.3,0.3,0.2,0.8,1.2
R501,1.1,1.1,1.0,1.3,1.3
R502,0.2,0.1,0.0,0.4,0.3
R503,2.5,2.3,2.0,2.2,2.2
R505,0.2,0.2,0.4,0.8,0.5
R506,0.0,0.0,0.0,0.2,0.3
R507,1.0,0.6,0.6,0.5,0.5
R508,1.3,1.2,1.0,1.3,1.2
R509,2.6,2.7,2.6,2.4,2.3
R510,2.0,2.3,2.4,2.1,2.6
R511,1.2,1.0,1.2,1.6,1.5
R512,0.2,0.0,0.0,0.3,0.3
R514,1.2,1.1,1.1,1.0,1.3
R515,0.6,0.9,1.1,1.1,1.3
R516,3.0,2.7,2.7,2.6,2.5
R517,0.7,0.8,0.8,0.7,0.8
R518,0.7,0.7,0.8,0.6,0.6
R519,1.6,1.8,1.8,1.9,1.8
R520,2.1,2.2,2.3,2.3,2.2
R521,1.0,0.9,0.8,0.8,1.0
R522,1.5,1.4,1.5,1.0,1.2
R524,1.1,1.0,0.9,0.9,1.0
R525,0.0,0.0,0.0,0.0,0.0
R526,1.0,0.9,0.9,0.9,1.0
R528,2.1,2.3,2.1,2.0,1.8
R529,0.7,0.6,0.6,0.9,1.1
R530,1.5,1.5,1.5,1.5,1.5
R531,1.6,1.6,1.6,1.5,1.4
R532,1.4,1.4,1.6,1.7,1.4
R533,2.6,2.6,2.7,2.7,2.9
R534,0.7,0.8,0.9,1.1,1.0
R536,2.4,2.7,2.4,2.6,2.6
R537,1.1,0.9,1.0,0.9,0.8
R538,0.8,0.8,0.8,0.7,0.6
R540,1.6,1.6,1.7,1.6,1.9
R541,1.7,1.7,1.9,2.0,1.9
R542,1.1,0.9,1.0,0.8,0.9
R544,2.2,2.2,2.3,2.2,2.2
R545,1.8,1.8,1.7,1.6,1.7
R546,0.4,0.3,0.2,0.1,0.1
R547,1.3,1.4,1.7,1.9,2.0
R548,1.6,1.6,1.6,1.6,1.5
R549,0.6,0.5,0.7,0.7,1.0
R551,0.7,0.8,0.7,0.7,0.7
R552,0.3,0.0,0.1,0.0,0.0
R553,3.2,3.2,3.3,3.1,3.3
R554,2.9,3.0,2.9,2.9,2.7
R555,1.5,1.4,1.5,1.5,1.9
R556,1.6,1.7,1.8,1.7,1.7
R557,2.9,2.8,2.7,2.7,2.7
R559,3.1,3.0,3.3,3.1,3.1
R560,0.1,0.2,0.2,0.1,0.1
R561,2.1,1.8,1.8,1.7,1.6
R562,1.1,1.3,1.2,1.0,1.1
R564,0.0,0.0,0.0,0.0,0.0
R566,0.8,0.8,0.7,0.6,0.6
R570,1.1,1.2,1.2,1.0,1.1
R571,1.1,1.1,1.3,0.8,0.9
R572,0.9,0.9,0.7,0.7,0.3
R573,0.0,0.0,0.0,0.0,0.0
R576,0.2,0.1,0.0,0.0,0.0
R577,0.4,0.3,0.3,0.1,0.0
R578,0.3,0.2,0.4,0.3,0.2
R579,0.0,0.1,0.3,0.0,0.0
R581,1.1,1.8,1.5,1.2,1.0
R582,0.2,0.1,0.0,0.0,0.0
R583,0.3,0.4,0.2,0.2,0.0
R584,0.1,0.2,0.3,0.2,0.2
R586,0.0,0.0,0.0,0.0,0.1
R587,0.0,0.0,0.0,0.0,0.1
R588,0.1,0.1,0.1,0.1,0.1
R590,0.5,0.8,0.8,0.7,0.5
R593,0.6,0.6,0.7,0.7,0.9
R595,0.1,0.0,0.2,0.3,0.3
R597,0.0,0.0,0.0,0.0,0.0
R598,0.1,0.1,0.2,0.2,0.1
R599,0.4,0.3,0.1,0.3,0.3
R601,0.1,0.1,0.0,0.0,0.0
R606,0.5,0.6,0.3,0.2,0.1
R607,0.2,0.0,0.1,0.0,0.0
R608,0.6,0.7,0.4,0.4,0.2
R609,0.1,0.3,0.4,0.2,0.2
R612,0.7,0.8,0.5,0.7,0.4
R614,0.1,0.2,0.2,0.1,0.1
R615,0.8,1.0,0.6,0.9,1.1
R618,0.0,0.1,0.1,0.1,0.1
R619,1.0,0.9,0.8,0.7,0.5
R620,0.0,0.0,0.0,0.0,0.0
R621,0.0,0.0,0.0,0.0,0.0
R623,0.7,0.9,0.7,0.9,0.7
R624,1.0,1.3,1.1,1.0,0.7
R626,2.1,1.8,2.0,1.7,1.7
R627,0.1,0.1,0.1,0.0,0.1
R629,0.0,0.1,0.0,0.0,0.0
R630,0.4,0.9,0.7,0.1,0.1
R631,0.3,0.3,0.0,0.0,0.0
R633,0.9,1.0,0.8,0.5,0.7
R635,1.6,1.3,1.3,1.0,1.0
R638,0.8,0.9,0.7,0.5,0.4
R642,0.0,0.0,0.0,0.2,0.1
R645,0.8,0.9,0.6,0.6,0.6
R646,0.9,0.8,0.8,0.5,0.8
R647,0.5,0.8,0.5,0.3,0.4
R648,0.0,0.0,0.1,0.0,0.0
R649,0.0,0.0,0.0,0.0,0.0
R651,0.6,0.9,0.6,0.9,0.7
R653,0.3,0.1,0.0,0.0,0.3
R655,0.1,0.0,0.2,0.3,0.4
R659,0.0,0.0,0.0,0.0,0.0
R660,0.5,0.7,0.6,0.5,0.4
R663,0.5,0.9,0.6,0.8,0.7
R664,0.6,0.5,0.6,0.3,0.4
R665,0.5,0.6,0.4,0.2,0.1
R666,1.5,1.3,1.3,1.3,1.4
R667,1.4,1.2,1.4,1.0,1.3
R668,0.0,0.0,0.0,0.0,0.0
R669,0.0,0.0,0.0,0.0,0.0
R670,1.0,0.9,0.9,0.8,1.0
R671,0.8,1.2,1.2,1.2,1.2
R672,0.8,0.6,0.6,0.4,0.7
R673,1.0,1.0,0.8,0.9,0.8
R674,0.5,0.3,0.3,0.3,0.1
R675,0.7,0.7,0.7,0.1,0.2
R676,1.5,1.5,1.3,1.2,1.3
R677,0.0,0.0,0.0,0.0,0.0
R678,2.0,2.1,2.1,1.9,2.0
R679,1.3,1.5,1.4,1.3,1.6
R680,1.0,0.8,0.8,0.7,0.8
R681,0.0,0.0,0.0,0.0,0.0
R683,1.2,1.0,1.1,1.0,1.2
R684,0.4,0.3,0.3,0.3,0.2
R685,2.4,2.4,2.3,2.2,2.2
R686,0.8,0.6,0.4,0.4,0.4
R687,1.3,1.2,1.1,1.4,1.5
R688,1.9,1.9,2.1,1.8,1.8
R690,0.8,0.9,0.8,0.7,1.1
R691,0.5,0.3,0.4,0.3,0.1
R692,0.9,0.8,0.8,0.6,0.9
R694,1.6,1.6,1.4,1.2,1.4
R697,0.3,0.0,0.2,0.1,0.1
R698,0.4,0.3,0.3,0.4,0.3
R699,1.0,0.9,1.2,1.0,1.3
R700,1.3,1.4,1.5,1.1,1.1
R701,0.0,0.0,0.0,0.0,0.0
R702,1.6,1.5,1.6,1.8,1.7
R703,1.8,1.9,1.8,1.7,1.9
R704,0.1,0.0,0.0,0.1,0.0
R705,0.0,0.0,0.0,0.0,0.0
R706,0.5,0.4,0.3,0.1,0.3
R707,1.2,0.7,0.9,0.8,0.8
R708,0.5,0.6,0.3,0.6,0.5
R709,0.8,0.6,0.8,0.6,0.6
R710,1.1,1.0,1.1,0.8,1.4
R711,0.0,0.0,0.0,0.0,0.0
R713,1.9,2.0,2.0,1.9,2.0
R714,0.0,0.0,0.0,0.0,0.0
R715,1.0,0.8,0.8,0.9,1.0
R716,0.8,0.5,0.4,0.3,0.2
R717,1.4,1.6,1.8,1.7,1.7
R718,0.4,0.3,0.2,0.4,0.3
R719,0.8,0.8,0.7,1.0,0.9
R720,0.8,0.8,0.7,0.6,0.6
R721,1.1,0.9,0.7,0.9,1.2
R722,1.0,0.9,0.8,0.8,1.1
R723,0.5,0.4,0.3,0.4,0.3
R724,1.0,0.7,0.5,0.6,0.4
R725,1.1,0.9,0.7,0.5,0.3
R727,0.5,0.4,0.5,0.4,0.5
R729,0.7,0.6,0.6,0.5,0.6
R730,1.0,0.9,0.9,0.9,0.7
R731,0.3,0.2,0.2,0.1,0.2
R732,2.4,2.4,2.1,2.0,2.0
R733,0.3,0.2,0.2,0.2,0.1
R734,1.3,1.5,1.4,1.2,1.1
R735,1.3,1.3,1.1,1.0,1.1
R736,0.4,0.4,0.4,0.5,0.3
R738,1.1,1.2,1.2,1.2,1.2
R739,0.6,0.5,0.5,0.2,0.3
R740,0.5,0.5,0.4,0.3,0.1
R741,2.2,2.4,2.2,1.9,1.9
R742,0.0,0.0,0.0,0.0,0.0
R743,0.7,0.9,0.7,0.7,0.6
R744,0.4,0.4,0.4,0.2,0.2
R746,0.3,0.2,0.3,0.0,0.1
R747,0.4,0.3,0.2,0.1,0.0
R748,0.7,0.7,0.7,0.5,0.5
R749,0.0,0.0,0.0,0.0,0.0
R751,1.5,1.5,1.6,1.4,1.7
R752,0.3,0.3,0.1,0.2,0.1
R753,0.8,0.6,0.6,0.5,0.5
R754,0.9,1.1,1.1,1.1,1.2
R755,1.3,1.3,1.1,1.1,1.4
R756,0.7,0.6,0.6,0.5,0.6
R757,1.0,0.7,0.7,0.6,0.5
R758,0.0,0.0,0.6,0.0,0.0
R759,1.1,1.1,0.7,1.3,1.0
R760,1.0,0.7,0.9,0.9,1.0
R761,0.3,0.1,0.2,0.2,0.0
R762,0.0,0.0,0.0,0.0,0.0
R763,0.0,0.0,0.0,0.0,0.0
R764,0.0,0.0,0.0,0.0,0.0
R766,2.4,2.5,2.3,2.1,1.8
R767,0.0,0.0,0.0,0.0,0.0
R768,2.4,2.5,2.4,2.3,2.1
R769,1.0,0.9,0.5,0.7,0.7
R770,0.6,0.7,0.9,0.6,0.7
R771,0.0,0.0,0.0,0.0,0.0
R772,0.0,0.0,0.0,0.0,0.0
R773,1.7,1.7,1.5,1.3,1.2
R774,0.0,0.0,0.0,0.0,0.0
R775,0.5,0.5,0.8,0.4,0.4
R776,2.3,2.2,2.2,1.8,1.8
R778,1.1,1.0,1.0,0.8,0.7
R779,2.1,2.1,2.0,2.1,1.9
R780,1.7,1.5,1.6,1.5,1.8
R782,0.8,0.9,0.7,0.6,0.5
R784,0.1,0.0,0.2,0.5,0.7
R785,1.7,1.9,1.6,1.6,1.3
R787,1.4,1.3,1.2,1.1,1.0
R788,0.0,0.0,0.0,0.0,0.0
R789,0.0,0.0,0.0,0.0,0.0
R790,0.4,0.2,0.0,0.0,0.1
R791,1.3,1.6,1.3,0.8,1.3
R792,0.7,0.6,0.7,0.4,0.5
R793,0.2,0.3,0.4,0.9,0.6
R794,1.5,1.8,1.7,1.9,2.0
R795,0.4,0.5,0.4,0.4,0.5
R796,0.0,0.0,0.0,0.0,0.0
R797,0.0,0.0,0.0,0.0,0.0
R798,1.0,1.3,1.4,1.2,1.6
R799,0.0,0.0,0.0,0.0,0.0
R800,0.0,0.0,0.0,0.0,0.0
R801,0.8,0.7,0.6,0.6,0.6
R802,2.1,2.3,2.0,1.7,1.6
R803,0.5,0.4,0.5,0.3,0.5
R804,0.0,0.0,0.0,0.0,0.0
R805,0.6,0.8,0.9,0.7,0.8
R806,0.8,1.0,1.2,1.1,1.1
R807,0.4,0.6,0.3,0.3,0.4
R808,0.0,0.0,0.0,0.0,0.0
R809,0.6,0.6,0.6,0.6,0.4
R810,0.0,0.0,0.0,0.0,0.0
R812,0.0,0.0,0.0,0.0,0.0
R813,0.0,0.1,0.1,0.0,0.3
R814,0.4,0.4,0.3,0.3,0.3
R815,1.9,2.0,2.1,1.8,1.7
R816,1.3,1.4,1.3,1.3,1.3
R817,0.6,0.6,0.7,0.7,0.4
R818,1.2,1.5,1.5,1.4,1.6
R819,0.0,0.0,0.0,0.0,0.1
R820,1.0,0.8,0.8,0.4,0.6
R821,0.0,0.0,0.0,0.0,0.0
R822,1.0,1.2,1.2,0.9,1.3
R823,0.7,0.9,0.6,0.7,0.6
R824,0.8,0.6,0.5,0.4,0.4
R825,0.0,0.0,0.0,0.0,0.0
R826,1.8,1.8,1.6,1.3,1.2
R827,2.0,1.9,1.7,1.3,1.3
R828,0.6,0.5,0.2,0.4,0.5
R829,1.7,1.8,1.8,1.3,1.2
R830,2.2,2.3,1.8,1.7,1.5
R831,2.6,2.8,2.4,2.3,2.0
R832,0.5,0.6,0.8,0.7,0.6
R833,1.4,1.3,1.3,1.1,1.0
R834,0.0,0.0,0.0,0.0,0.0
R835,0.8,0.8,0.7,0.7,0.7
R836,2.3,2.2,2.0,1.8,1.6
R837,0.0,0.0,0.0,0.0,0.0
R838,1.1,0.9,0.9,0.9,1.0
R839,1.7,1.7,2.0,1.6,1.8
R840,0.4,0.4,0.3,0.3,0.3
R841,0.1,0.5,0.0,0.0,0.1
R842,1.6,1.7,1.6,1.5,1.3
R843,1.1,0.9,1.1,1.0,1.2
R845,1.0,0.9,0.9,1.0,1.0
R846,1.4,1.7,1.8,1.7,1.8
R847,0.7,1.0,0.9,0.7,0.6
R848,0.6,0.7,0.7,0.8,0.7
R849,1.3,1.5,1.4,1.4,1.5
R850,0.0,0.0,0.0,0.0,0.0
R851,0.0,0.0,0.0,0.0,0.1
R852,1.3,1.2,1.1,0.7,0.8
R853,0.5,0.4,0.3,0.2,0.4
R854,0.5,0.5,0.4,0.4,0.7
R855,1.0,1.0,1.1,1.0,1.0
R857,1.4,1.2,1.3,1.0,1.0
R858,0.8,0.7,0.5,0.5,0.4
R859,0.6,0.8,0.7,0.9,0.8
R860,0.2,0.1,0.1,0.1,0.0
R861,1.1,1.1,1.2,0.8,0.9
R862,0.0,0.0,0.0,0.1,0.3
R863,0.0,0.1,0.0,0.0,0.0
R865,0.8,1.0,0.7,0.8,0.6
R866,1.0,0.9,1.0,1.3,1.3
R867,0.8,0.7,0.5,0.4,0.5
R868,1.8,1.8,1.9,1.4,1.7
R869,1.3,1.4,1.3,1.2,1.5
R870,0.6,0.7,0.6,0.7,0.6
R871,1.2,1.4,1.3,1.4,1.3
R872,0.0,0.0,0.0,0.0,0.0
R873,0.2,0.3,0.1,0.7,0.6
R874,0.5,0.6,0.4,0.4,0.5
R876,1.9,1.9,1.8,1.4,1.4
R878,0.0,0.0,0.0,0.0,0.1
R879,0.0,0.0,0.0,0.0,0.0
R880,0.7,0.6,0.9,1.1,1.4
R881,1.4,1.4,1.3,1.2,1.2
R882,0.0,0.0,0.0,0.0,0.0
R883,0.3,0.5,0.7,0.6,0.7
R884,1.7,1.7,1.7,1.3,1.4
R886,1.1,1.2,1.0,1.1,1.1
R887,1.3,1.5,1.7,2.0,2.3
R888,0.2,0.1,0.1,0.2,0.2
R889,1.6,1.5,1.8,2.0,2.5
R890,1.7,1.8,1.6,1.9,1.6
R891,1.2,1.1,1.2,1.1,1.1
R892,1.3,1.6,1.5,1.6,1.5
R894,0.1,0.1,0.0,0.3,0.3
R895,0.1,0.1,0.0,0.2,0.2
R896,0.3,0.3,0.1,0.2,0.1
R899,0.1,0.1,0.0,0.0,0.0
R901,1.2,1.5,1.5,1.7,1.7
R902,0.0,0.0,0.0,0.0,0.0
R903,1.3,1.3,1.2,1.3,1.4
R904,1.2,1.1,0.8,0.4,0.3
R905,0.9,0.7,0.8,0.7,1.0
R907,0.2,0.5,0.8,0.6,0.9
R909,0.3,0.2,0.3,0.3,0.4
R910,1.5,1.5,1.6,1.3,1.2
R911,0.8,1.0,0.9,1.1,1.2
R912,0.1,0.1,0.0,0.1,0.1
R913,1.1,0.9,1.0,0.7,0.8
R914,0.9,1.0,1.0,0.8,0.6
R916,0.2,0.4,0.7,0.6,0.8
R917,0.7,0.2,0.6,0.2,0.1
R919,3.7,3.9,3.7,3.8,3.7
R920,1.9,1.9,1.7,1.6,1.5
R921,1.3,1.3,1.5,1.2,1.5
R922,0.1,0.2,0.2,0.1,0.2
R923,0.6,0.5,0.4,0.7,0.8
R924,2.4,2.4,2.1,2.0,2.0
R925,0.5,0.5,0.8,0.4,1.2
R927,0.0,0.0,0.0,0.0,0.1
R928,0.9,1.2,1.1,1.4,1.4
R930,0.2,0.1,0.2,0.3,0.2
R931,0.6,0.8,0.7,1.0,0.9
R932,0.2,0.1,0.2,0.2,0.3
R933,1.4,1.4,1.3,1.1,1.2
R934,0.0,0.1,0.0,0.1,0.0
R936,0.9,0.9,0.9,0.7,0.8
R937,0.3,0.4,0.6,0.7,0.8
R938,0.5,0.6,0.4,0.4,0.4
R940,0.7,0.5,0.4,0.5,0.5
R941,0.2,0.1,0.2,0.3,0.1
R942,1.2,1.0,1.3,1.4,1.4
R944,0.0,0.1,0.0,0.0,0.0
R945,1.1,1.0,0.9,1.1,1.2
R946,0.9,0.9,1.0,0.9,1.3
R947,1.2,1.1,1.0,1.3,1.1
R948,3.1,3.3,3.3,3.4,3.2
R949,1.4,1.2,1.3,1.3,1.5
R950,0.0,0.0,0.0,0.0,0.0
R951,0.2,0.3,0.2,0.2,0.3
R952,1.2,1.3,1.5,2.1,2.2
R953,2.2,2.3,2.2,2.0,2.0
R954,0.9,0.7,0.3,0.6,0.9
R955,0.9,0.9,0.9,0.6,0.7
R956,1.7,1.8,1.8,2.1,2.1
R957,0.0,0.1,0.2,0.1,0.0
R958,0.0,0.0,0.0,0.0,0.0
R962,1.7,2.0,2.0,1.9,2.0
R963,1.0,1.0,0.7,0.6,0.5
R966,0.5,0.6,0.2,0.2,0.3
R970,1.1,1.2,1.0,0.9,1.3
R972,1.1,0.9,0.8,0.9,1.0
R973,1.6,1.3,1.6,1.6,1.5
R974,1.1,0.9,0.9,0.8,0.7
R977,1.3,0.8,0.9,0.7,0.7
R979,0.1,0.0,0.0,0.1,0.3
R980,2.1,2.4,2.1,1.9,2.0
R982,1.5,1.5,1.4,1.6,1.6
R985,1.0,0.9,0.7,0.8,0.6
R989,0.2,0.2,0.2,0.2,0.0
R990,1.3,1.2,1.1,1.2,1.1
R992,1.1,0.9,0.9,0.9,0.9
R995,2.2,2.1,2.0,1.8,1.8
R999,1.7,1.4,1.5,1.8,1.7
R1001,0.1,0.0,0.0,0.1,0.3
R1002,1.2,1.2,1.0,1.0,0.9
R1005,1.0,0.8,1.0,0.8,1.3
R1006,1.8,2.0,1.9,1.6,2.0
R1007,0.9,0.8,0.6,0.8,0.6
R1009,1.3,1.3,1.2,1.1,0.8
R1011,0.8,0.7,0.7,0.8,1.0
R1012,0.9,0.9,0.7,0.6,0.8
R1014,1.0,0.8,0.7,0.7,1.0
R1015,1.6,1.5,1.6,1.8,1.7
R1017,1.2,1.3,0.9,1.3,1.0
R1019,1.0,0.9,0.7,0.9,0.6
R1020,0.4,0.5,0.3,0.3,0.2
R1021,1.3,1.3,1.0,1.2,0.8
R1022,1.0,0.9,0.8,0.8,0.8
R1024,0.7,0.8,0.5,0.6,0.9
R1025,1.4,1.3,1.1,1.2,1.0
R1026,1.0,0.9,0.8,0.9,0.7
R1028,2.0,2.4,2.4,2.3,2.3
R1032,1.1,1.0,1.0,0.9,0.8
R1034,0.2,0.2,0.2,0.2,0.0
R1035,0.8,0.9,0.8,0.7,1.1
R1036,0.9,0.8,0.8,0.9,1.1
R1037,1.9,1.7,1.9,1.9,1.6
R1041,1.6,1.2,1.5,1.6,1.5
R1042,0.5,0.6,0.4,0.6,0.8
R1046,0.3,0.2,0.2,0.3,0.5
R1047,0.9,0.8,0.7,0.8,1.1
R1048,0.2,0.1,0.1,0.0,0.0
R1049,1.8,1.5,1.8,1.9,1.6
R1051,0.2,0.0,0.1,0.0,0.0
R1052,1.6,1.9,1.7,1.6,1.9
R1053,0.7,0.5,0.5,0.7,0.8
R1054,1.0,1.0,0.9,0.8,0.7
R1056,2.2,2.0,2.0,1.8,2.0
R1057,0.9,0.9,0.7,0.9,0.8
R1058,0.8,0.6,0.6,0.8,0.8
R1061,1.1,0.9,0.9,0.8,0.8
R1065,1.4,1.2,1.5,1.7,1.6
R1067,1.5,1.2,1.4,1.6,1.7
R1069,0.0,0.2,0.1,0.1,0.0
R1071,0.9,0.7,0.7,0.8,1.1
R1074,1.9,1.6,1.7,1.9,1.5
R1077,0.2,0.2,0.0,0.1,0.0
R1078,0.8,0.8,0.7,0.6,0.6
R1079,0.9,1.0,0.9,1.1,1.1
R1080,0.0,0.0,0.0,0.0,0.0
R1082,0.7,1.0,0.7,0.7,0.7
R1083,0.6,0.7,0.6,0.7,0.9
R1084,0.2,0.3,0.2,0.5,0.3
R1085,0.0,0.0,0.0,0.0,0.0
R1086,0.7,0.8,0.6,0.8,0.9
R1087,0.5,0.6,0.6,0.6,0.4
R1088,0.9,0.9,0.8,0.7,1.1
R1089,0.0,0.0,0.0,0.0,0.1
R1090,1.7,1.7,1.5,1.4,1.5
R1091,0.2,0.3,0.4,0.3,0.4
R1092,0.6,0.6,0.5,0.4,0.6
R1093,0.1,0.0,0.0,0.0,0.0
R1094,0.4,0.6,0.5,0.4,0.4
R1095,0.0,0.0,0.0,0.0,0.0
R1096,0.1,0.3,0.1,0.1,0.2
R1098,0.0,0.0,0.4,0.6,0.2
R1100,0.1,0.0,0.0,0.3,0.3
R1101,0.1,0.2,0.0,0.1,0.0
R1102,0.0,0.0,0.0,0.0,0.1
R1103,0.0,0.1,0.1,0.0,0.2
R1105,1.3,1.3,1.4,1.5,1.5
R1107,0.0,0.0,0.0,0.0,0.0
R1108,0.1,0.1,0.1,0.1,0.4
R1109,0.1,0.3,0.2,0.4,0.2
R1114,0.3,0.3,0.3,0.4,0.2
R1115,0.3,0.2,0.5,0.7,0.3
R1116,1.4,1.3,1.0,1.0,1.0
R1117,1.2,1.2,1.1,1.3,1.1
R1118,0.0,0.0,0.0,0.0,0.0
R1119,0.1,0.5,0.3,0.4,0.3
R1120,0.1,0.1,0.0,0.0,0.0
R1123,0.4,0.4,0.2,0.5,0.6
R1124,1.3,1.3,1.5,1.5,1.6
R1125,0.0,0.0,0.0,0.0,0.0
R1126,0.3,0.2,0.3,0.5,0.7
R1128,0.0,0.0,0.0,0.0,0.1
R1130,0.0,0.0,0.0,0.0,0.0
R1133,0.4,0.1,0.1,0.0,0.2
R1134,0.0,0.0,0.3,0.4,0.2
R1135,1.6,1.3,1.4,1.2,1.0
R1136,0.0,0.1,0.0,0.0,0.0
R1139,0.3,0.4,0.2,0.4,0.3
R1140,0.0,0.1,0.1,0.0,0.0
R1142,0.0,0.2,0.3,0.1,0.3
R1143,1.6,1.4,1.3,1.2,1.0
R1144,1.3,1.0,0.9,0.6,0.7
R1145,0.4,0.1,0.1,0.0,0.0
R1146,0.8,0.2,0.5,0.0,0.1
R1147,0.8,0.8,0.5,0.6,0.6
R1148,1.2,1.1,1.0,0.9,0.8
R1149,1.2,0.9,1.1,1.0,0.9
R1150,1.6,1.8,1.8,1.7,1.6
R1151,1.5,1.3,1.5,1.4,1.3
R1152,1.1,0.8,0.9,0.8,0.8
R1153,0.0,0.0,0.0,0.0,0.0
R1154,0.0,0.0,0.0,0.0,0.0
R1155,0.6,0.6,0.4,0.8,0.8
R1156,0.9,0.7,0.6,0.5,0.3
R1157,1.8,1.5,1.3,1.2,1.4
R1158,0.9,1.0,1.1,0.9,0.8
R1159,1.7,1.7,1.7,1.2,1.4
R1161,1.7,1.6,1.5,1.2,1.3
R1163,1.0,0.7,0.9,0.6,0.6
R1164,0.0,0.2,0.0,0.0,0.0
R1166,0.8,0.8,0.9,0.7,0.7
R1167,1.5,1.5,1.3,1.0,1.0
R1168,1.8,1.6,1.6,1.0,1.1
R1175,1.8,1.7,1.7,1.4,1.4
R1176,1.3,1.4,1.3,1.3,1.4
R1177,0.5,0.4,0.4,0.3,0.1
R1178,0.4,0.5,0.6,0.3,0.3
R1179,1.7,1.6,1.6,1.3,1.3
R1180,1.0,1.0,0.8,0.9,0.8
R1181,0.5,0.6,0.7,0.5,0.5
R1182,0.0,0.0,0.0,0.0,0.0
R1184,1.3,1.4,1.6,1.3,1.4
R1185,0.1,0.0,0.0,0.0,0.0
R1186,0.9,0.8,0.6,0.5,0.5
R1187,0.0,0.0,0.0,0.0,0.0
R1188,1.8,1.5,1.1,0.6,1.0
R1189,0.9,1.0,0.7,0.6,0.6
R1190,1.1,0.9,0.9,0.7,0.8
R1191,1.8,1.6,1.5,1.1,1.2
R1192,0.9,0.7,0.7,0.5,0.5
R1193,0.0,0.0,0.0,0.0,0.1
R1194,0.2,0.2,0.1,0.1,0.0
R1195,2.6,2.9,2.7,2.1,1.9
R1196,1.0,0.9,0.6,0.5,0.6
R1197,2.5,2.1,1.9,1.9,1.8
R1200,0.5,0.6,0.4,0.4,0.3
R1203,0.0,0.0,0.0,0.0,0.0
R1204,0.7,0.7,0.9,0.9,0.8
R1205,0.0,0.0,0.2,0.0,0.1
R1208,1.1,1.1,1.0,0.4,0.4
R1209,0.9,0.7,0.8,0.5,0.4
R1210,0.0,0.0,0.0,0.0,0.0
R1211,0.9,0.8,0.9,0.4,0.4
R1212,0.0,0.0,0.0,0.0,0.0
R1213,0.0,0.0,0.0,0.0,0.0
R1215,0.0,0.0,0.1,0.0,0.0
R1219,1.0,0.9,1.1,1.2,1.2
R1221,0.2,0.0,0.0,0.0,0.0
R1223,0.0,0.0,0.1,0.0,0.0
R1227,0.6,0.6,0.4,0.1,0.4
R1228,0.2,0.1,0.2,0.3,0.4
R1229,0.6,0.3,0.2,0.1,0.0
R1231,0.0,0.0,0.0,0.0,0.0
R1232,0.0,0.0,0.0,0.2,0.2
R1233,1.1,1.1,1.1,1.0,1.0
R1235,0.0,0.1,0.0,0.1,0.0
R1236,0.8,0.6,0.4,0.2,0.2
R1238,0.0,0.0,0.0,0.2,0.0
R1239,0.3,0.4,0.5,0.3,0.6
R1241,0.5,0.3,0.1,0.1,0.0
R1243,0.5,0.4,0.5,0.3,0.1
R1247,0.0,0.0,0.0,0.0,0.0
R1249,0.8,0.8,0.9,0.9,1.0
R1255,0.5,0.2,0.3,0.1,0.3
R1257,0.0,0.0,0.0,0.0,0.0
R1260,0.0,0.1,0.0,0.0,0.1
R1262,0.0,0.0,0.1,0.0,0.0
R1267,0.6,0.6,0.3,0.3,0.3
R1272,1.0,1.0,1.1,0.6,0.7
R1273,0.5,0.3,0.2,0.1,0.2
R1276,0.1,0.3,0.5,0.2,0.2
R1277,0.6,0.4,0.4,0.2,0.4
R1278,0.9,0.8,0.8,0.7,0.7
R1279,0.4,0.3,0.6,0.5,0.5
R1281,0.1,0.0,0.0,0.1,0.1
R1282,0.3,0.4,0.5,0.5,0.5
R1285,0.0,0.0,0.0,0.0,0.0
R1286,0.1,0.3,0.3,0.2,0.3
R1289,0.0,0.0,0.0,0.0,0.1
R1291,0.2,0.1,0.0,0.0,0.1
R1296,0.4,0.2,0.3,0.4,0.5
R1298,0.1,0.1,0.1,0.0,0.3
R1301,0.6,0.4,0.6,0.6,0.9
R1303,0.0,0.0,0.0,0.0,0.0
R1306,0.8,0.9,1.0,1.2,1.4
R1307,0.7,0.4,0.7,0.4,0.3
R1308,0.0,0.0,0.0,0.0,0.0
R1309,1.4,1.6,1.7,2.1,1.9
R1310,0.3,0.1,0.4,0.4,0.4
R1311,1.2,1.1,1.5,1.5,1.4
R1312,1.2,1.1,1.0,1.0,1.0
R1314,0.0,0.0,0.0,0.0,0.0
R1316,0.0,0.0,0.0,0.0,0.0
R1317,0.0,0.0,0.0,0.0,0.0
R1318,0.0,0.0,0.0,0.0,0.0
R1319,0.2,0.2,0.2,0.6,0.3
R1321,1.2,1.3,1.3,1.3,1.4
R1326,0.7,0.9,0.7,0.8,0.8
R1327,0.0,0.0,0.0,0.0,0.0
R1330,0.0,0.1,0.0,0.0,0.0
R1333,1.3,1.4,1.3,1.2,1.1
R1335,0.6,0.6,0.4,0.4,0.3
R1338,0.1,0.0,0.0,0.0,0.0
R1339,0.9,0.9,0.8,0.8,0.8
R1341,0.0,0.0,0.0,0.0,0.0
R1342,0.5,0.4,0.6,0.2,0.3
R1347,2.1,2.1,2.1,2.0,1.9
R1348,1.1,1.4,1.3,0.6,0.4
R1349,0.8,0.1,0.1,0.1,0.0
R1351,0.3,0.1,0.2,0.0,0.2
R1353,0.0,0.0,0.0,0.0,0.0
R1355,0.0,0.0,0.0,0.1,0.1
R1356,0.0,0.0,0.0,0.0,0.1
R1357,0.7,1.0,1.2,1.2,1.3
R1358,0.3,0.1,0.1,0.1,0.1
R1359,0.1,0.0,0.3,0.1,0.1
R1360,0.2,0.1,0.0,0.0,0.4
R1362,0.9,0.7,0.6,0.5,0.6
R1364,0.8,0.6,0.7,0.6,0.7
R1365,0.0,0.0,0.0,0.0,0.0
R1366,0.0,0.2,0.2,0.2,0.3
R1367,0.0,0.1,0.0,0.0,0.0
R1368,0.0,0.0,0.0,0.0,0.0
R1375,0.0,0.0,0.0,0.0,0.0
R1378,0.0,0.0,0.0,0.0,0.0
R1386,0.0,0.0,0.0,0.0,0.0
R1387,0.0,0.1,0.0,0.2,0.3
R1388,0.0,0.1,0.4,0.0,0.4
R1390,0.7,0.9,0.7,0.6,0.6
R1391,0.0,0.0,0.0,0.0,0.0
R1397,0.7,1.1,0.7,0.7,0.7
R1399,0.4,0.7,0.4,0.5,0.4
R1421,0.0,0.0,0.0,0.0,0.0
R1423,0.0,0.1,0.4,0.0,0.4
R1427,0.0,0.0,0.0,0.0,0.0
R1433,0.0,0.0,0.1,0.1,0.3
R1435,0.0,0.0,0.0,0.0,0.0
R1438,0.0,0.0,0.0,0.1,0.1
R1446,1.0,0.9,0.8,1.1,0.7
R1448,0.0,0.0,0.0,0.0,0.0
R1451,1.8,1.5,1.5,1.2,1.5
R1452,1.0,0.9,0.8,0.8,0.7
R1454,1.1,0.9,0.6,0.7,0.5
R1455,0.9,0.9,0.6,0.6,0.4
R1460,1.3,1.3,1.2,1.1,1.1
R1469,0.2,0.0,0.4,0.0,0.0
R1471,1.4,1.3,1.2,1.3,0.8
R1472,1.1,1.1,1.1,1.1,1.0
R1474,1.1,1.1,1.1,1.0,1.0
R1478,1.3,1.2,0.8,0.8,0.4
R1481,1.1,1.3,1.1,1.1,0.8
R1483,1.2,1.4,1.2,1.2,1.1
R1487,1.6,1.8,1.6,1.4,1.3
R1488,2.0,1.8,1.9,1.8,1.9
R1493,1.1,1.2,1.1,0.9,0.9
R1498,1.3,1.3,1.1,1.0,0.9
R1501,0.9,1.2,1.1,1.0,0.9
R1504,0.8,0.9,0.8,0.2,0.2
R1505,0.6,0.9,0.6,0.6,0.6
R1509,1.5,1.4,1.5,1.4,1.1
R1513,1.0,1.3,1.1,0.9,0.9
R1522,0.9,1.0,0.8,0.8,0.8
R1523,1.8,1.9,1.8,1.7,1.5
R1533,0.4,0.6,0.3,0.6,0.2
R1535,0.6,1.0,0.7,0.8,0.8
R1545,0.0,0.1,0.0,0.0,0.0
R1547,1.2,1.0,1.1,0.8,0.7
R1548,0.4,0.7,0.6,0.1,0.1
R1553,0.5,0.7,0.7,0.2,0.3
R1555,0.8,0.8,0.7,0.6,0.4
R1557,0.3,0.6,0.1,0.0,0.0
R1561,1.2,1.3,0.9,0.6,0.2
R1562,1.2,1.1,1.1,1.0,0.9
R1563,1.6,1.6,1.4,1.2,0.9
R1564,0.0,0.0,0.0,0.0,0.0
R1565,0.0,0.0,0.0,0.1,0.1
R1566,0.0,0.0,0.0,0.1,0.1
R1567,0.5,0.4,0.2,0.3,0.2
R1568,1.9,1.9,1.6,1.7,1.4
R1569,0.0,0.0,0.0,0.0,0.0
R1570,0.5,0.6,0.5,0.7,0.8
R1571,0.1,0.1,0.3,0.3,0.4
R1572,1.0,1.1,0.9,0.9,0.8
R1573,0.4,0.3,0.3,0.6,0.5
R1574,1.4,1.5,1.7,2.0,1.9
R1575,1.2,1.1,1.0,1.1,0.9
R1577,1.1,1.0,1.0,1.2,0.9
R1578,0.6,0.5,0.4,0.5,0.3
R1579,2.6,2.6,2.4,2.1,2.2
R1580,0.9,0.8,0.8,1.0,1.0
R1581,0.1,0.0,0.0,0.0,0.0
R1582,2.6,2.7,2.5,2.6,2.5
R1583,0.2,0.1,0.2,0.1,0.2
R1585,0.4,0.3,0.2,0.3,0.2
R1586,0.0,0.1,0.1,0.2,0.1
R1587,2.0,1.9,1.5,1.5,1.7
R1588,2.0,1.8,1.9,1.8,1.6
R1589,0.5,0.5,0.4,0.4,0.2
R1590,1.3,1.2,1.2,1.0,1.1
R1591,2.3,2.5,2.2,2.2,2.1
R1592,0.3,0.3,0.2,0.4,0.3
R1593,0.0,0.2,0.1,0.1,0.2
R1594,0.7,0.6,0.8,0.7,0.6
R1597,0.1,0.0,0.0,0.1,0.2
R1598,1.2,1.1,1.2,1.1,1.0
R1599,0.3,0.4,0.1,0.2,0.3
R1600,0.0,0.1,0.0,0.0,0.1
R1601,1.2,0.9,0.7,0.9,0.8
R1602,0.4,0.5,0.4,0.3,0.3
R1603,0.3,0.3,0.2,0.2,0.1
R1604,0.1,0.3,0.2,0.2,0.3
R1606,2.0,2.1,2.3,2.6,2.6
R1607,2.4,2.6,2.8,3.0,3.0
R1608,0.4,0.3,0.4,0.4,0.4
R1609,3.7,3.5,3.4,3.4,3.1
R1610,0.6,0.7,0.7,0.8,0.8
R1611,0.4,0.4,0.5,0.4,0.3
R1612,0.8,0.9,0.8,0.8,0.8
R1613,0.8,0.7,0.7,0.7,0.8
R1614,0.5,0.7,0.7,0.6,0.8
R1615,1.2,1.1,0.7,0.8,0.8
R1616,0.6,0.6,0.5,0.7,0.7
R1617,0.7,0.4,0.3,0.4,0.4
R1618,2.0,2.1,1.4,1.6,1.8
R1619,2.2,1.9,1.9,2.0,2.1
R1620,0.7,0.6,0.3,0.4,0.5
R1621,1.7,1.7,1.7,1.5,1.7
R1622,2.4,2.2,2.0,2.0,1.7
R1623,2.3,2.5,2.2,2.0,2.2
R1624,2.9,2.9,3.0,3.1,2.9
R1625,2.3,2.4,2.3,2.0,2.0
R1626,2.5,2.4,2.0,1.9,1.8
R1627,2.4,2.3,2.2,2.0,2.2
R1628,2.4,2.4,2.2,1.8,1.8
R1629,1.4,1.2,1.0,1.1,1.3
R1630,2.3,2.3,2.2,1.9,2.1
R1631,2.3,2.6,2.3,2.1,2.0
R1632,1.6,1.8,1.6,1.4,1.5
R1633,2.5,2.5,2.3,2.0,1.9
R1634,1.2,1.2,1.2,1.2,1.3
R1635,2.7,2.7,2.4,2.5,2.5
R1636,1.3,1.2,1.2,1.4,1.7
R1637,3.2,3.3,3.3,3.1,3.0
R1638,0.4,0.5,0.6,0.8,0.6
R1639,1.6,1.7,1.8,1.7,1.7
R1640,2.0,2.0,1.9,1.9,1.8
R1641,2.6,2.8,2.6,2.5,2.3
R1642,2.8,2.9,2.9,2.5,2.2
R1643,2.5,2.5,2.8,2.5,2.5
R1644,2.4,2.3,2.3,2.2,2.2
R1645,2.9,3.0,3.0,2.9,2.7
R1646,1.4,1.6,1.5,1.2,1.2
R1647,1.4,1.7,1.7,1.3,1.4
R1648,1.1,1.0,1.1,0.9,1.1
R1649,1.0,1.1,1.3,1.6,1.6
R1650,1.8,1.7,1.6,1.6,1.6
R1651,0.0,0.0,0.0,0.0,0.0
R1652,2.8,2.8,2.5,2.5,2.4
R1653,0.0,0.0,0.0,0.0,0.0
R1654,1.4,1.2,1.2,1.1,1.0
R1655,2.6,2.7,2.8,2.9,2.7
R1656,2.2,1.9,2.0,1.9,2.0
R1657,2.1,2.0,2.2,2.2,2.3
R1658,2.7,2.9,2.6,2.3,2.4
R1659,2.7,2.7,2.4,2.1,2.0
R1660,0.8,0.7,0.9,0.8,0.5
R1661,0.6,0.8,0.7,0.7,0.5
R1662,1.8,1.7,1.8,1.6,1.8
R1663,2.4,2.4,2.2,2.4,2.4
R1664,2.6,2.4,2.4,2.4,2.5
R1665,1.7,1.7,1.7,1.4,1.4
R1666,2.0,1.8,2.1,2.2,2.3
R1667,1.5,1.6,1.5,1.5,1.7
R1668,1.3,1.5,1.4,1.2,1.2
R1669,2.0,1.9,1.7,1.5,1.5
R1670,1.1,1.2,1.4,1.3,1.5
R1671,1.9,1.9,2.0,1.9,2.2
R1672,1.4,1.3,1.2,1.2,1.3
R1673,2.8,2.8,3.0,3.2,2.8
R1674,1.6,1.9,2.1,1.6,1.8
R1675,1.9,1.9,1.7,1.7,1.7
R1676,1.0,1.0,1.0,1.5,1.3
R1677,2.2,2.2,2.0,1.8,1.9
R1678,1.4,1.5,1.6,1.6,1.9
R1679,2.2,2.2,2.2,2.1,2.1
R1680,2.6,2.7,2.4,2.2,2.0
R1681,1.1,1.1,1.0,0.9,1.0
R1682,2.9,2.9,2.8,2.5,2.6
R1683,2.4,2.2,2.0,2.2,2.1
R1684,1.7,1.6,1.5,1.5,1.3
R1685,1.9,1.9,1.7,1.9,1.9
R1686,1.3,1.1,1.2,0.9,1.0
R1687,2.2,2.3,1.9,1.9,1.8
R1688,2.4,2.5,2.6,2.7,2.7
R1689,1.3,1.4,1.8,1.6,1.7
R1690,0.4,0.2,0.1,0.1,0.0
R1691,1.5,1.7,1.5,1.3,1.6
R1692,1.5,1.6,1.7,1.2,1.5
R1693,0.6,0.4,0.5,0.4,0.5
R1694,2.3,2.3,1.7,1.7,1.8
R1695,1.2,1.3,1.4,1.1,1.3
R1697,2.4,2.3,2.1,1.8,1.9
R1698,0.2,0.4,0.1,0.0,0.0
R1699,2.1,2.3,2.4,2.4,2.6
R1700,1.2,1.3,1.3,1.1,1.0
R1701,2.2,2.4,2.6,2.7,2.7
R1702,3.0,2.8,2.6,2.5,2.3
R1703,2.1,2.4,2.5,2.4,2.4
R1704,1.6,1.6,1.5,1.2,1.2
R1705,0.1,0.1,0.0,0.0,0.1
R1706,1.6,1.6,1.4,1.4,1.6
R1707,2.3,2.4,2.2,1.9,1.7
R1708,2.0,1.9,1.9,1.9,2.0
R1709,1.2,1.2,1.4,1.2,1.4
R1710,0.5,0.6,0.5,0.4,0.5
R1711,0.7,1.0,0.9,0.9,1.2
R1712,2.7,2.5,2.3,2.1,2.0
R1713,0.9,0.9,1.0,0.9,1.0
R1714,1.9,2.2,2.2,2.4,2.2
R1715,3.7,3.5,3.7,3.5,3.4
R1716,2.4,2.4,2.4,2.3,2.6
R1717,3.0,2.9,2.8,2.8,2.8
R1718,2.6,2.6,2.5,2.7,2.7
R1719,2.9,2.9,2.9,2.8,2.9
R1720,2.4,2.3,2.4,2.3,2.4
R1721,2.5,2.4,2.7,2.4,2.6
R1722,3.6,3.3,3.3,3.4,3.3
R1723,2.0,2.0,2.0,2.0,2.0
R1724,2.2,2.1,2.1,2.1,1.9
R1725,2.4,2.5,2.5,2.6,2.7
R1726,2.8,2.8,3.0,3.0,3.0
R1727,2.3,2.2,2.2,2.4,2.6
R1728,2.9,3.0,3.1,3.2,3.3
R1729,3.7,3.7,3.7,3.7,3.6
R1730,1.1,1.2,1.1,1.1,1.5
R1731,0.6,0.3,0.3,0.2,0.1
R1732,1.3,1.3,1.0,1.1,1.1
R1733,1.1,1.1,1.0,0.9,0.8
R1734,1.6,1.6,1.5,1.2,1.3
R1735,0.8,0.9,0.7,0.5,0.6
R1736,1.5,1.9,1.7,1.3,1.3
R1737,1.5,1.4,1.3,1.0,1.0
R1738,2.0,2.0,1.9,1.8,1.9
R1739,0.9,0.9,0.9,0.8,0.9
R1740,1.2,1.0,0.9,0.8,0.7
R1745,1.0,0.8,0.9,0.5,0.6
R1748,1.3,1.0,0.9,0.7,0.7
R1750,0.3,0.3,0.2,0.3,0.4
R1751,0.6,0.6,0.6,0.6,0.3
R1752,0.0,0.0,0.0,0.0,0.0
R1757,0.7,0.7,0.7,0.6,0.6
R1762,2.9,2.7,3.0,2.8,2.9
R1763,3.3,3.2,3.4,3.3,3.3
R1764,3.6,3.7,3.8,3.8,3.5
R1765,3.4,3.3,3.5,3.2,3.2
R1766,4.0,3.8,3.9,4.0,4.0
R1767,2.7,2.7,2.5,2.4,2.5
R1768,3.6,3.4,3.6,3.6,3.5
R1769,3.1,3.0,3.0,3.0,2.9
R1770,4.2,4.2,4.3,4.1,4.0
R1771,1.4,1.3,1.5,1.8,1.5
R1772,3.2,3.0,3.0,3.0,3.2
R1773,1.0,1.1,1.2,1.1,0.9
R1774,3.8,3.5,3.7,3.5,3.4
R1775,3.4,3.4,3.5,3.3,3.1
R1776,3.0,3.0,3.3,3.2,3.0
R1777,4.1,3.7,3.9,3.9,3.7
R1778,0.0,0.1,0.0,0.1,0.4
R1779,3.2,3.0,3.1,3.1,3.2
R1780,3.2,3.0,3.3,3.1,3.1
R1781,3.4,3.0,3.3,2.9,2.8
R1782,2.4,2.3,2.4,2.2,2.4
R1783,5.0,4.6,4.8,4.5,4.4
R1784,3.3,3.1,2.9,2.8,2.8
R1785,4.3,4.4,4.3,4.0,4.3
R1786,4.9,4.5,4.6,4.4,4.4
R1787,1.0,1.0,0.9,0.9,0.8
R1788,2.5,2.4,2.6,2.3,2.4
R1789,0.9,1.0,1.3,1.4,1.8
R1790,2.2,2.1,2.4,2.3,2.3
R1791,5.0,4.9,5.0,4.8,4.7
R1792,2.7,2.8,3.0,2.8,2.8
R1793,1.3,1.4,1.4,1.3,1.3
R1794,3.8,3.3,3.4,3.4,3.1
R1795,0.2,0.2,0.4,0.2,0.1
R1796,1.1,0.8,0.6,0.4,0.5
R1799,0.6,0.5,0.3,0.2,0.1
R1800,1.1,1.1,1.1,0.8,0.9
R1801,1.4,1.2,1.4,1.0,0.8
R1802,0.8,0.5,0.6,0.3,0.3
R1804,0.0,0.2,0.0,0.1,0.2
R1805,0.5,0.4,0.4,0.2,0.4
R1806,0.6,0.7,0.4,0.3,0.1
R1809,0.1,0.0,0.0,0.0,0.0
R1810,0.1,0.0,0.0,0.0,0.0
R1811,0.8,0.7,0.3,0.4,0.4
R1812,0.1,0.1,0.1,0.1,0.2
R1813,1.2,1.1,0.9,0.6,0.6
R1815,1.0,0.5,0.3,0.7,0.3
R1816,0.0,0.0,0.0,0.0,0.0
R1817,0.1,0.1,0.0,0.0,0.0
R1819,0.3,0.2,0.1,0.2,0.1
R1820,0.8,0.5,0.5,0.3,0.3
R1821,0.0,0.0,0.0,0.0,0.0
R1822,0.1,0.0,0.1,0.0,0.1
R1823,0.0,0.0,0.0,0.0,0.0
R1824,0.0,0.0,0.0,0.0,0.1
R1826,0.9,1.0,0.7,1.0,1.1
R1827,0.0,0.0,0.0,0.0,0.0
R1828,0.8,0.9,0.8,0.5,0.5
R1829,1.0,0.8,0.5,0.3,0.3
R1831,1.3,1.0,0.9,0.8,0.8
R1832,1.1,0.9,1.0,0.7,0.6
R1836,0.8,0.4,0.8,0.6,0.9
R1839,1.6,1.6,1.7,1.4,1.1
R1840,0.1,0.1,0.1,0.0,0.0
R1841,0.0,0.1,0.1,0.9,0.6
R1843,1.4,1.1,1.3,0.8,1.0
R1844,1.6,1.3,1.4,1.0,1.0
R1845,1.1,0.9,0.7,0.3,0.5
R1846,0.2,0.1,0.2,0.2,0.3
R1848,0.1,0.0,0.1,0.0,0.0
R1849,0.6,0.4,0.3,0.2,0.1
R1851,0.6,0.6,0.4,0.2,0.1
R1852,0.4,0.4,0.4,0.2,0.1
R1853,0.0,0.0,0.0,0.0,0.0
R1854,0.4,0.3,0.4,0.3,0.4
R1855,0.8,0.6,0.5,0.3,0.4
R1856,1.5,1.1,1.3,0.9,1.0
R1858,0.8,0.7,0.5,0.8,0.7
R1860,1.6,1.6,1.0,1.2,1.2
R1862,1.0,1.0,1.0,1.1,1.0
R1863,1.7,1.6,1.4,1.4,1.4
R1864,0.0,0.1,0.0,0.0,0.1
R1865,1.0,0.9,1.0,1.0,1.1
R1866,0.0,0.1,0.0,0.0,0.0
R1869,0.5,0.2,0.1,0.1,0.0
R1871,0.0,0.1,0.0,0.0,0.3
R1872,2.4,2.2,2.1,1.7,1.6
R1874,0.4,0.1,0.1,0.2,0.1
R1875,1.5,1.7,1.6,1.6,1.3
R1877,0.0,0.3,0.0,0.0,0.1
R1878,0.3,0.4,0.3,0.3,0.0
R1879,1.8,1.8,1.6,1.9,1.7
R1880,0.4,0.4,0.3,0.3,0.2
R1881,1.4,1.6,1.4,1.7,1.5
R1882,1.0,0.9,1.1,0.9,1.3
R1887,1.6,1.5,1.4,1.5,1.4
R1888,1.8,2.0,1.9,1.8,1.5
R1891,1.1,1.2,1.2,1.2,1.2
R1892,0.6,0.5,0.4,0.3,0.1
R1895,1.5,1.6,1.5,1.7,1.4
R1898,0.6,0.7,0.6,0.5,0.6
R1903,0.4,0.5,0.6,0.3,0.5
R1904,1.6,1.6,1.7,1.2,1.3
R1905,1.0,0.9,0.8,1.0,0.7
R1908,1.3,1.3,1.2,1.4,1.3
R1909,0.7,0.7,0.8,0.5,0.6
R1910,1.4,1.6,1.5,1.7,1.7
R1911,1.4,1.4,1.2,1.6,1.2
R1913,0.8,0.7,0.4,0.6,0.4
R1915,0.0,0.1,0.0,0.0,0.0
R1916,0.9,1.0,0.9,0.8,0.6
R1917,1.4,1.5,1.4,1.4,1.3
R1918,1.6,1.7,1.5,1.6,1.5
R1919,0.9,1.1,1.1,1.1,1.0
R1920,1.0,1.2,1.2,1.1,0.9
R1921,1.2,1.2,1.2,1.2,1.0
R1923,1.9,2.0,2.0,2.0,1.8
R1924,1.7,1.8,1.6,1.5,1.2
R1925,1.7,1.8,1.9,1.9,1.6
R1926,0.0,0.0,0.0,0.0,0.3
R1927,1.9,1.7,1.6,1.6,1.5
R1928,0.0,0.1,0.0,0.0,0.3
R1929,1.6,1.5,1.3,1.3,1.2
R1930,0.4,0.6,0.1,0.0,0.1
R1931,0.9,0.8,0.6,0.5,0.6
R1932,1.0,1.0,1.1,0.9,0.9
R1933,1.3,1.2,1.1,1.1,1.1
R1934,0.4,0.4,0.3,0.2,0.4
R1936,0.7,0.3,0.2,0.3,0.2
R1937,1.7,1.6,1.5,1.8,1.6
R1938,1.6,1.7,1.5,1.9,1.7
R1939,0.8,1.0,1.4,1.1,1.4
R1940,0.2,0.4,0.4,0.2,0.3
R1941,0.9,0.8,0.8,0.7,0.7
R1942,1.0,1.0,0.8,0.7,0.6
R1945,0.8,0.7,0.8,0.8,0.9
R1946,2.8,2.8,2.8,2.7,2.7
R1947,1.1,1.1,1.0,1.1,1.1
R1948,1.1,1.0,1.1,1.0,0.9
R1949,1.0,1.2,1.1,1.1,0.9
R1950,0.5,0.4,0.5,0.5,0.5
R1951,0.9,1.0,1.1,1.0,1.0
R1953,0.9,1.1,0.9,0.8,0.8
R1955,1.1,0.9,0.8,0.8,0.8
R1956,1.0,0.9,0.9,1.1,0.9
R1957,1.8,1.5,1.8,1.8,1.7
R1959,1.5,1.6,1.7,1.8,1.9
R1960,1.4,1.5,1.3,1.6,1.5
R1961,2.3,2.4,2.3,2.5,2.6
R1962,1.9,1.9,1.9,2.1,1.9
R1963,2.2,2.2,2.5,2.8,2.9
R1964,1.4,1.5,1.4,1.4,1.6
R1966,2.6,2.7,2.6,2.6,2.6
R1968,2.1,2.3,2.3,2.5,2.5
R1969,0.9,0.8,0.9,1.1,0.7
R1970,2.6,3.0,2.9,2.9,2.9
R1971,1.6,1.6,1.7,1.8,1.8
R1972,1.5,1.5,1.6,1.6,1.5
R1973,0.9,0.8,0.8,0.8,0.8
R1974,1.2,1.2,1.3,1.2,1.3
R1975,0.2,0.1,0.2,0.4,0.4
R1976,1.3,1.4,1.4,1.3,1.4
R1977,2.1,2.1,2.3,2.0,2.1
R1978,1.0,1.1,1.3,1.5,1.4
R1979,1.2,1.2,1.3,1.3,1.2
R1980,1.0,0.9,1.0,0.9,1.1
R1981,1.6,1.5,1.7,1.8,1.7
R1982,0.8,0.8,0.8,0.8,1.0
R1983,1.6,1.7,1.6,1.8,1.6
R1984,1.8,2.0,2.0,2.2,2.3
R1985,1.0,0.9,1.0,1.2,1.1
R1986,0.9,0.8,0.9,1.1,1.1
R1987,1.5,1.6,1.7,1.5,1.6
R1988,2.3,2.4,2.3,2.4,2.2
R1989,2.7,2.8,2.8,3.0,3.1
R1990,1.8,1.7,1.7,1.9,1.9
R1991,0.5,0.7,0.8,0.5,0.6
R1992,1.4,1.2,1.6,1.5,1.6
R1994,2.8,3.0,2.8,2.8,2.8
R1995,0.8,0.9,0.9,1.1,1.0
R1996,2.9,3.3,3.0,3.1,3.2
R1998,1.7,1.5,1.6,1.6,1.4
R1999,2.2,2.3,2.1,2.3,2.3
R2000,0.9,0.8,0.6,0.7,0.6
R2001,2.1,2.2,2.3,2.6,2.4
R2002,1.2,1.2,1.3,1.2,1.1
R2003,0.0,0.1,0.1,0.0,0.1
R2004,1.4,1.5,1.5,1.6,1.6
R2006,1.8,2.0,2.0,1.9,1.7
R2007,2.5,2.3,2.3,2.3,2.2
R2008,1.7,1.7,1.5,1.6,1.4
R2009,1.3,1.4,1.3,1.5,1.6
R2011,0.4,0.7,0.5,0.4,0.3
R2012,0.3,0.0,0.0,0.0,0.1
R2013,0.0,0.0,0.1,0.0,0.0
R2015,0.9,0.8,0.8,0.5,0.7
R2016,0.6,0.5,0.3,0.3,0.5
R2019,1.3,1.4,1.6,1.5,1.7
R2020,0.9,0.7,0.9,0.9,1.1
R2021,0.7,0.8,0.9,0.8,0.9
R2023,0.9,0.7,1.0,0.8,1.0
R2024,1.7,1.6,1.7,1.3,1.6
R2026,1.1,1.0,1.0,0.7,0.6
R2028,0.9,0.7,0.7,0.7,0.7
R2029,0.3,0.2,0.0,0.0,0.0
R2030,0.4,0.2,0.5,0.7,0.7
R2031,1.1,0.9,0.8,0.6,0.7
R2032,0.2,0.2,0.3,0.2,0.2
R2033,0.8,0.9,0.8,0.6,0.6
R2034,0.6,0.8,1.0,0.9,0.9
R2035,0.8,0.7,0.7,0.5,0.6
R2038,0.2,0.1,0.1,0.1,0.1
R2041,0.6,0.3,0.2,0.2,0.2
R2042,1.3,1.2,1.0,0.8,0.6
R2043,0.7,0.6,0.4,0.5,0.5
R2044,0.2,0.1,0.0,0.0,0.0
R2047,0.5,0.4,0.4,0.4,0.4
R2048,1.3,1.3,1.3,0.9,0.7
R2050,0.5,0.4,0.4,0.4,0.3
R2052,0.7,0.5,0.4,0.4,0.4
R2055,0.7,0.6,0.7,0.4,0.5
R2057,0.7,0.3,0.5,0.3,0.4
R2058,0.6,0.5,0.5,0.4,0.4
R2059,1.5,1.5,1.6,1.5,1.6
R2063,0.0,0.0,0.0,0.0,0.0
R2064,0.7,0.4,0.8,0.6,0.8
R2065,0.0,0.0,0.0,0.0,0.0
R2066,0.9,0.7,0.9,0.9,1.0
R2067,0.2,0.0,0.0,0.0,0.1
R2068,0.7,0.4,0.4,0.2,0.4
R2070,0.1,0.0,0.0,0.0,0.1
R2071,0.7,0.4,0.3,0.3,0.3
R2072,0.5,0.3,0.3,0.2,0.4
R2073,0.0,0.0,0.0,0.0,0.1
R2074,0.7,0.6,0.6,0.5,0.5
R2077,1.0,0.9,1.1,0.8,1.0
R2078,0.9,0.6,0.8,0.3,0.6
R2079,1.4,1.3,1.3,1.1,0.8
R2081,0.0,0.1,0.2,0.3,0.0
R2083,0.5,0.4,0.2,0.2,0.1
R2084,0.0,0.0,0.0,0.0,0.1
R2085,0.6,0.5,0.5,0.4,0.5
R2088,0.4,0.2,0.1,0.0,0.1
R2089,0.5,0.5,0.6,0.5,0.6
R2090,0.9,0.7,0.8,0.5,0.5
R2094,0.6,0.5,0.4,0.4,0.5
R2095,0.6,0.7,0.6,0.5,0.5
R2096,0.6,0.2,0.2,0.0,0.3
R2097,0.8,0.7,0.6,0.4,0.6
R2099,0.6,0.3,0.1,0.1,0.0
R2101,1.7,1.8,1.5,1.6,1.2
R2102,1.5,2.0,1.9,1.9,2.2
R2103,0.0,0.0,0.0,0.0,0.1
R2105,0.0,0.0,0.1,0.0,0.0
R2106,0.2,0.1,0.1,0.1,0.0
R2109,0.1,0.0,0.1,0.1,0.2
R2110,1.5,1.5,1.7,1.9,2.1
R2111,0.3,0.7,0.6,0.8,0.8
R2113,0.1,0.0,0.0,0.0,0.0
R2114,0.0,0.0,0.0,0.0,0.0
R2117,1.2,1.0,1.1,1.2,1.0
R2119,2.0,2.1,1.9,2.3,1.9
R2120,1.1,1.1,1.0,1.0,1.1
R2121,0.5,0.6,0.3,0.0,0.0
R2122,0.4,0.2,0.5,0.1,0.3
R2123,0.0,0.0,0.0,0.3,0.4
R2125,2.4,2.3,2.4,2.4,2.4
R2126,0.9,0.6,0.6,0.5,0.7
R2127,2.1,2.3,2.0,2.2,2.2
R2130,2.3,1.8,1.8,1.8,1.9
R2131,0.3,0.6,0.7,0.5,0.5
R2133,1.3,1.2,1.4,1.2,1.2
R2134,1.4,1.7,1.9,2.1,1.5
R2135,0.8,0.9,1.1,1.3,1.1
R2138,0.4,0.5,0.6,0.3,0.5
R2139,1.4,1.7,1.5,1.4,1.2
R2141,0.0,0.0,0.0,0.1,0.0
R2144,2.5,2.6,2.4,2.5,2.6
R2149,0.8,1.0,0.5,0.6,0.9
R2154,0.3,0.0,0.1,0.0,0.0
R2155,2.8,2.6,2.6,2.8,2.6
R2156,0.5,0.4,0.6,0.6,0.5
R2157,1.3,1.5,1.4,1.4,1.4
R2162,2.0,1.5,1.3,1.4,1.4
R2166,0.0,0.0,0.6,0.4,0.2
R2167,2.6,2.5,2.7,2.1,2.3
R2168,0.5,0.3,0.9,0.9,0.8
R2172,0.1,0.1,0.2,0.1,0.2
R2173,1.8,1.8,1.5,1.3,1.3
R2174,2.6,2.6,2.4,1.9,2.6
R2175,3.6,3.6,3.5,3.6,3.8
R2176,1.8,1.3,1.5,1.3,1.3
R2177,1.9,1.6,1.1,1.0,1.2
R2178,1.5,1.7,1.6,1.5,1.3
R2179,1.0,1.0,0.8,0.5,0.3
R2180,3.0,2.7,2.8,2.5,2.5
R2181,2.7,2.5,2.4,2.5,2.5
R2182,2.9,3.0,3.0,3.0,3.0
R2183,2.2,1.7,1.5,1.6,1.6
R2184,2.4,2.1,2.1,1.8,1.7
R2185,3.1,3.2,3.0,2.7,2.7
R2186,3.3,3.5,3.5,3.4,3.6
R2187,2.6,2.4,2.3,2.1,2.4
R2188,1.1,0.9,0.7,0.7,0.6
R2189,3.3,3.5,3.4,3.4,3.4
R2190,1.2,1.0,0.7,0.9,0.5
R2191,2.2,2.5,2.4,2.5,2.2
R2192,3.4,3.4,3.3,3.5,3.0
R2193,3.4,3.2,3.2,3.2,3.3
R2194,1.8,2.1,1.9,1.9,1.7
R2195,1.2,1.1,1.2,1.2,1.2
R2196,2.0,1.8,1.9,1.6,1.5
R2197,3.6,3.4,3.5,3.1,3.2
R2198,2.3,2.6,2.5,2.0,1.8
R2199,0.3,0.5,0.3,0.2,0.6
R2200,1.0,1.2,1.3,0.9,1.0
R2201,2.8,2.6,2.5,2.7,2.7
R2202,2.9,3.0,2.7,2.7,2.7
R2203,1.1,1.1,1.0,0.9,1.0
R2204,1.7,1.7,1.5,1.5,1.3
R2205,1.1,1.0,0.9,0.8,0.7
R2206,1.8,1.6,1.4,1.5,1.2
R2207,2.8,2.8,2.7,2.5,2.3
R2208,1.2,1.4,1.0,0.9,0.8
R2209,2.3,2.4,2.4,2.5,2.4
R2210,1.0,1.4,1.5,1.0,1.0
R2211,0.0,0.0,0.0,0.0,0.0
R2212,1.1,1.0,0.6,0.6,0.7
R2213,1.2,1.1,1.1,1.0,1.1
R2214,1.1,0.8,0.8,0.8,0.7
R2215,0.0,0.0,0.0,0.0,0.0
R2217,0.6,0.1,0.1,0.2,0.3
R2218,0.3,0.0,0.0,0.1,0.2
R2220,1.3,1.2,1.0,1.2,1.1
R2221,1.7,1.6,1.7,1.3,1.5
R2222,1.6,1.3,1.2,1.2,1.3
R2224,1.2,1.2,1.2,0.8,0.7
R2225,0.9,0.8,0.9,0.6,0.6
R2226,2.0,1.7,1.7,1.6,1.4
R2227,1.4,1.2,1.4,1.0,1.0
R2228,2.1,1.8,1.7,1.5,1.5
R2229,0.1,0.0,0.1,0.1,0.1
R2230,0.6,0.4,0.3,0.1,0.0
R2231,0.0,0.0,0.0,0.0,0.0
R2232,0.0,0.0,0.0,0.0,0.0
R2233,0.7,0.6,0.8,0.5,0.5
R2234,2.3,2.0,2.0,1.6,1.6
R2235,0.8,0.8,0.8,0.5,0.7
R2236,0.7,0.6,0.6,0.4,0.5
R2237,0.7,0.3,0.2,0.1,0.2
R2238,0.0,0.0,0.0,0.0,0.0
R2239,0.0,0.0,0.0,0.0,0.0
R2240,0.0,0.0,0.0,0.0,0.0
R2241,0.5,0.2,0.2,0.3,0.5
R2242,1.8,1.6,1.7,1.4,1.5
R2243,2.2,1.8,1.7,1.4,1.6
R2244,0.8,0.6,0.5,0.2,0.5
R2247,2.3,2.1,2.2,1.6,1.5
R2250,0.5,0.1,0.1,0.0,0.0
R2251,1.3,1.3,1.4,1.3,1.3
R2252,1.8,1.7,1.8,1.5,1.3
R2253,1.9,1.6,1.7,1.2,1.0
R2254,0.8,0.7,0.7,0.4,0.6
R2257,0.0,0.0,0.0,0.0,0.0
R2259,0.4,0.1,0.3,0.3,0.4
R2260,0.9,0.8,0.6,0.5,0.4
R2263,1.2,1.0,0.8,0.7,0.8
R2265,0.6,0.4,0.6,1.0,0.4
R2266,1.2,1.0,1.2,1.1,1.1
R2267,0.4,0.3,0.4,0.3,0.2
R2269,0.8,0.5,0.4,0.3,0.3
R2270,0.4,0.2,0.5,0.4,0.4
R2271,1.4,1.2,1.1,1.1,1.1
R2272,0.9,0.9,0.8,0.6,0.6
R2273,0.0,0.0,0.0,0.0,0.0
R2275,1.1,0.8,0.6,0.7,0.7
R2278,2.5,2.6,2.6,2.6,2.3
R2279,2.2,2.1,2.2,2.1,2.0
R2280,2.3,2.0,1.8,1.7,1.5
R2281,1.7,1.8,1.8,1.5,1.6
R2282,0.2,0.0,0.1,0.0,0.0
R2283,1.3,1.3,1.2,1.4,1.4
R2284,1.0,0.8,0.6,0.7,0.4
R2285,0.4,0.1,0.1,0.2,0.3
R2286,2.9,2.8,2.8,2.6,2.7
R2287,1.1,1.0,1.1,1.1,1.1
R2288,0.0,0.0,0.0,0.0,0.0
R2289,0.7,0.5,0.8,0.7,0.7
R2290,0.2,0.2,0.3,0.5,0.9
R2291,2.8,2.7,2.4,2.1,2.1
R2292,0.8,0.6,0.3,0.3,0.4
R2293,0.8,0.6,0.5,0.9,0.6
R2294,1.1,1.0,1.0,0.8,0.5
R2295,2.1,2.2,2.0,2.3,2.0
R2296,1.3,1.2,1.2,1.0,1.3
R2297,1.0,1.0,1.1,1.1,1.3
R2298,1.3,1.2,1.3,1.1,1.0
R2299,0.0,0.0,0.0,0.0,0.2
R2300,0.7,0.5,0.4,0.3,0.6
R2301,1.1,1.1,1.2,1.3,1.0
R2302,0.9,0.8,0.8,0.9,0.8
R2303,0.9,1.0,1.1,0.9,1.1
R2304,0.2,0.0,0.1,0.0,0.7
R2305,2.5,2.5,2.7,2.4,2.6
R2306,1.9,2.1,2.3,2.3,2.3
R2307,1.6,1.7,1.8,1.5,1.4
R2308,0.0,0.0,0.0,0.0,0.2
R2309,0.0,0.0,0.1,0.1,0.2
R2310,1.0,1.2,1.1,1.1,0.8
R2311,2.0,2.1,2.2,2.3,2.3
R2312,1.1,1.2,0.9,1.0,0.7
R2313,2.0,2.0,1.9,1.7,1.6
R2314,1.3,1.4,1.1,1.2,1.1
R2315,0.1,0.1,0.1,0.2,0.4
R2316,0.0,0.0,0.0,0.0,0.0
R2317,1.1,1.2,1.3,1.4,1.2
R2318,1.2,1.0,0.6,0.9,0.7
R2319,0.4,0.3,0.2,0.3,0.2
R2320,0.6,0.8,0.6,0.6,0.5
R2321,2.2,2.3,2.7,2.6,2.8
R2322,2.3,2.4,2.3,2.3,2.2
R2323,1.2,1.2,0.9,0.8,0.7
R2324,2.6,2.4,2.6,2.5,2.5
R2325,1.7,1.8,1.7,1.4,1.2
R2326,0.3,0.6,0.3,0.6,0.2
R2327,0.7,0.9,0.6,0.8,0.8
R2328,0.0,0.0,0.1,0.3,0.1
R2329,1.1,1.0,1.0,0.9,1.0
R2330,1.1,1.0,0.9,1.0,1.0
R2331,1.4,1.7,1.4,1.6,1.8
R2332,2.1,2.1,2.1,1.9,1.9
R2333,0.0,0.2,0.3,0.1,0.1
R2334,0.1,0.3,0.3,0.5,0.5
R2335,0.8,0.8,0.7,0.6,0.8
R2336,0.8,0.6,0.6,0.7,0.8
R2337,0.5,0.5,0.5,0.5,0.5
R2338,0.9,0.9,0.9,0.9,1.0
R2339,1.1,0.9,0.9,0.9,1.0
R2340,0.9,0.9,0.9,0.9,1.0
R2341,1.3,1.5,1.6,1.3,1.7
R2342,0.9,0.7,0.7,0.7,0.8
R2343,1.0,1.0,1.0,1.1,1.2
R2344,0.5,0.7,0.8,0.7,0.8
R2345,1.1,0.9,0.9,1.0,1.0
R2346,0.0,0.0,0.1,0.0,0.1
R2347,0.8,0.9,0.7,0.6,0.4
R2348,0.7,0.9,0.6,0.6,0.6
R2349,1.8,1.7,1.6,1.8,1.8
R2350,1.2,1.0,1.0,1.1,1.2
R2351,2.0,2.2,2.1,2.2,2.2
R2352,1.3,1.3,1.0,1.2,1.0
R2353,0.1,0.1,0.0,0.0,0.1
R2354,1.0,0.9,0.8,0.9,0.9
R2355,0.7,0.7,0.8,0.7,0.7
R2356,0.9,0.6,0.8,0.8,0.8
R2357,1.1,1.0,1.0,0.9,0.9
R2358,1.2,1.3,1.5,1.1,1.3
R2359,1.3,1.3,1.1,1.2,1.2
R2360,0.3,0.4,0.5,0.4,0.8
R2361,1.6,1.8,1.7,1.4,1.4
R2362,1.2,1.2,1.1,1.1,1.2
R2363,1.4,1.4,1.3,1.2,1.2
R2364,0.8,0.7,0.9,0.9,0.8
R2365,0.1,0.2,0.1,0.4,0.5
R2366,1.1,1.0,1.2,1.1,1.2
R2367,0.9,0.7,0.7,0.7,0.8
R2368,0.4,0.4,0.3,0.4,0.3
R2369,0.9,0.8,0.8,0.7,0.7
R2370,0.6,0.7,0.7,0.6,0.8
R2371,1.1,1.0,1.0,0.8,0.8
R2372,1.1,1.2,1.0,1.3,1.4
R2373,0.5,0.7,0.9,0.6,0.5
R2374,1.1,1.0,0.8,0.9,0.7
R2375,1.1,0.7,0.9,0.7,0.8
R2376,0.9,0.8,1.0,1.0,1.2
R2377,0.6,0.9,1.0,0.7,0.8
R2378,0.1,0.4,0.6,0.4,0.3
R2379,1.8,2.0,2.1,2.0,1.9
R2380,0.2,0.4,0.5,0.6,0.5
R2381,0.5,0.8,0.7,0.9,0.8
R2382,1.0,1.0,1.1,1.2,1.4
R2383,0.8,0.7,0.7,0.8,0.8
R2384,1.2,1.0,1.0,1.1,0.9
R2385,0.8,0.9,0.8,0.9,0.9
R2386,0.1,0.3,0.2,0.3,0.3
R2387,1.7,1.7,1.7,1.7,1.7
R2388,0.2,0.3,0.4,0.4,0.6
R2389,1.0,1.0,0.9,0.9,1.0
R2390,2.4,2.3,2.3,2.1,2.0
R2391,0.8,0.8,0.8,0.7,0.6
R2392,0.2,0.3,0.4,0.5,0.6
R2393,1.2,1.3,1.2,1.3,1.5
R2394,1.1,0.9,0.7,0.9,0.8
R2396,0.0,0.0,0.0,0.0,0.0
R2398,0.7,0.2,0.1,0.2,0.0
R2400,0.2,0.1,0.0,0.3,0.1
R2404,1.4,1.4,1.5,1.6,1.3
R2409,0.5,0.3,0.3,0.4,0.3
R2411,0.0,0.0,0.0,0.0,0.0
R2412,0.5,0.5,0.3,0.2,0.2
R2415,0.4,0.1,0.0,0.0,0.0
R2424,1.5,1.6,1.4,1.5,1.4
R2425,0.7,0.7,0.5,0.5,0.2
R2427,3.2,2.9,2.7,2.5,2.7
R2432,0.0,0.0,0.0,0.0,0.0
R2440,0.7,0.9,1.0,0.9,0.7
R2443,0.0,0.0,0.0,0.0,0.0
R2448,0.6,0.5,0.2,0.3,0.3
R2452,0.0,0.0,0.0,0.0,0.0
R2455,0.2,0.1,0.0,0.2,0.1
R2458,0.7,0.7,0.3,0.3,0.2
R2459,0.5,0.2,0.0,0.2,0.0
R2466,0.2,0.1,0.0,0.2,0.0
R2469,0.0,0.0,0.0,0.0,0.0
R2471,0.2,0.2,0.2,0.4,0.1
R2478,0.0,0.1,0.0,0.0,0.0
R2480,1.4,1.4,1.5,1.7,1.3
R2482,0.9,0.5,0.3,0.4,0.1
R2483,0.7,0.2,0.2,0.3,0.1
R2484,1.3,1.4,1.4,1.4,1.1
R2487,0.5,0.2,0.2,0.1,0.1
R2490,2.1,2.1,2.1,2.1,2.0
R2491,3.5,3.6,3.4,3.1,2.9
R2492,0.0,0.1,0.1,0.1,0.0
R2493,1.3,1.2,1.6,1.5,1.7
R2494,2.0,1.9,1.9,1.9,2.2
R2495,3.7,3.8,3.7,3.5,3.5
R2496,0.1,0.1,0.0,0.2,0.4
R2497,1.2,1.6,1.6,1.9,2.0
R2498,3.3,3.2,3.1,3.0,2.8
R2499,2.6,2.7,2.8,2.4,2.8
R2500,0.0,0.0,0.0,0.1,0.2
R2501,1.9,1.8,1.6,1.5,1.4
R2502,0.1,0.2,0.1,0.3,0.3
R2503,2.7,2.5,2.8,2.6,3.0
R2504,2.5,2.5,2.5,2.3,2.2
R2505,2.6,2.4,2.5,2.4,2.1
R2506,3.2,3.4,3.3,3.0,3.0
R2507,0.9,0.9,1.0,0.6,1.1
R2508,0.0,0.0,0.0,0.0,0.1
R2509,1.3,1.3,1.4,1.2,1.4
R2510,0.1,0.1,0.2,0.2,0.0
R2511,2.5,2.6,2.8,2.8,2.7
R2512,3.2,3.2,2.8,2.7,2.9
R2513,2.0,2.3,2.6,2.6,2.7
R2514,0.3,0.4,0.4,0.3,0.4
R2515,1.5,1.8,1.6,1.9,1.9
R2516,2.2,2.5,2.4,2.4,2.2
R2517,3.5,3.3,3.1,2.8,2.7
R2518,1.7,1.8,1.9,1.8,2.1
R2519,1.7,1.8,1.9,1.9,2.2
R2520,2.4,2.4,2.4,2.6,2.6
R2521,0.0,0.1,0.1,0.0,0.0
R2522,3.1,3.1,3.4,3.1,3.3
R2523,0.4,0.5,0.5,0.9,0.5
R2524,3.2,3.6,3.3,3.2,3.3
R2525,0.5,0.7,0.4,0.9,0.8
R2526,0.1,0.1,0.0,0.0,0.0
R2527,1.9,1.9,1.8,1.9,2.0
R2528,0.0,0.0,0.0,0.2,0.2
R2529,3.3,3.3,3.1,2.8,2.8
R2530,0.0,0.0,0.0,0.0,0.0
R2531,2.5,2.5,2.5,2.3,2.0
R2532,0.8,1.1,1.2,1.4,1.2
R2533,2.8,2.9,2.9,2.8,2.9
R2534,2.0,1.9,1.9,1.9,2.1
R2535,0.0,0.0,0.0,0.0,0.1
R2536,2.3,2.4,2.5,2.2,2.5
R2537,0.2,0.0,0.0,0.0,0.1
R2539,2.3,2.3,2.2,2.5,2.2
R2540,1.6,1.6,1.7,1.7,2.2
R2541,3.6,3.6,3.3,3.0,2.7
R2542,1.9,2.1,2.3,2.2,2.3
R2543,2.0,2.3,2.0,2.0,2.4
R2544,4.1,4.1,4.0,3.9,3.8
R2545,2.9,2.9,3.1,3.2,3.2
R2546,2.7,2.4,2.3,2.1,2.1
R2547,3.4,3.0,3.0,2.7,2.7
R2548,2.8,3.1,3.2,3.1,3.1
R2549,0.3,0.4,0.1,0.3,0.0
R2551,1.4,1.8,2.0,2.0,2.1
R2552,2.6,2.6,2.6,2.7,2.7
R2553,2.6,2.7,2.4,2.4,2.3
R2554,2.5,2.2,2.1,2.5,2.6
R2555,0.6,0.6,0.6,0.7,0.8
R2556,0.8,0.8,1.0,1.3,1.5
R2557,4.1,3.7,3.6,3.7,3.6
R2558,3.0,3.0,2.8,2.9,2.8
R2559,2.9,2.8,2.9,2.4,2.5
R2560,3.2,3.1,2.9,2.9,2.8
R2561,0.0,0.1,0.0,0.0,0.2
R2562,3.3,3.0,2.8,2.8,2.6
R2563,0.3,0.4,0.4,0.4,0.7
R2564,1.4,1.5,1.6,1.8,1.7
R2565,0.5,0.2,0.1,0.0,0.2
R2566,2.3,2.3,1.9,2.0,2.2
R2567,0.3,0.4,0.5,0.8,0.8
R2568,1.0,1.1,1.1,1.1,1.2
R2569,0.0,0.0,0.0,0.0,0.0
R2570,2.8,3.0,2.6,2.8,2.8
R2571,1.7,2.2,2.4,2.5,2.6
R2572,3.4,3.3,3.4,3.1,3.1
R2573,0.0,0.0,0.0,0.0,0.2
R2574,3.2,2.9,3.1,2.8,2.8
R2575,0.4,0.3,0.0,0.2,0.2
R2576,2.3,2.4,2.3,2.1,2.1
R2577,1.3,1.3,1.3,1.6,1.5
R2578,1.2,1.2,1.1,0.8,1.0
R2579,2.7,2.7,3.0,2.8,2.9
R2581,1.4,1.4,1.2,1.2,1.3
R2582,0.5,0.6,0.6,0.7,0.8
R2583,2.3,2.4,2.1,2.0,2.1
R2584,2.7,2.7,2.5,2.3,2.4
R2585,3.1,3.1,3.4,3.1,3.3
R2586,2.2,2.2,2.1,2.1,2.3
R2587,2.6,2.7,2.8,3.0,3.1
R2588,0.3,0.3,0.4,0.6,0.4
R2589,0.0,0.0,0.1,0.0,0.3
R2590,0.0,0.0,0.0,0.0,0.5
R2591,0.2,0.2,0.0,0.0,0.0
R2592,2.3,2.4,2.3,2.3,2.5
R2593,1.8,1.9,1.7,1.6,1.3
R2594,0.0,0.1,0.1,0.1,0.2
R2595,2.4,2.5,2.6,2.7,2.5
R2596,0.0,0.0,0.0,0.0,0.0
R2597,2.2,2.3,2.5,2.3,2.5
R2598,2.2,2.4,2.3,2.3,2.5
R2599,3.7,3.6,3.5,3.2,3.2
R2600,1.6,1.7,1.6,1.9,2.0
R2601,0.0,0.0,0.0,0.0,0.1
R2602,1.8,1.8,2.0,2.0,1.8
R2603,1.5,1.3,1.6,1.6,1.9
R2604,3.8,3.4,3.6,3.6,3.7
R2605,1.3,0.9,1.5,1.3,1.2
R2606,2.0,1.9,2.1,1.6,2.0
R2607,0.1,0.1,0.1,0.1,0.1
R2608,0.5,0.4,0.3,0.5,0.5
R2609,0.1,0.0,0.1,0.0,0.2
R2611,3.6,3.7,3.6,3.3,3.1
R2612,0.0,0.0,0.1,0.0,0.2
R2613,1.1,1.1,1.3,1.5,1.5
R2614,0.0,0.2,0.2,0.3,0.3
R2615,1.9,1.8,1.8,2.0,2.1
R2616,3.1,3.0,2.7,2.5,2.5
R2617,1.3,1.4,1.8,1.9,2.1
R2618,0.0,0.0,0.0,0.0,0.0
R2619,1.2,1.3,1.4,1.3,1.4
R2620,0.0,0.0,0.0,0.0,0.1
R2621,1.8,1.7,2.1,2.0,2.3
R2622,2.2,2.4,2.4,2.3,2.5
R2623,3.4,3.4,3.0,3.0,2.7
R2624,1.7,1.9,1.5,1.3,1.5
R2625,1.4,1.5,1.4,1.6,1.6
R2626,1.3,1.4,1.6,1.8,1.7
R2627,2.4,2.4,2.4,2.4,2.6
R2628,0.5,0.1,0.3,0.3,0.2
R2629,3.5,3.2,3.2,3.0,2.9
R2630,2.4,2.1,2.4,2.4,2.5
R2631,1.6,2.0,2.1,2.4,2.6
R2632,0.0,0.0,0.0,0.0,0.0
R2633,3.5,3.6,3.1,3.3,3.0
R2634,2.5,2.6,2.3,2.5,2.3
R2635,0.9,0.9,1.0,1.0,0.9
R2636,1.6,2.0,2.1,2.3,2.3
R2637,3.1,3.3,3.0,3.0,3.1
R2638,1.6,1.8,1.7,1.8,2.2
R2639,3.0,3.2,3.4,2.8,2.7
R2640,3.6,3.7,3.7,3.3,3.3
R2641,3.7,3.7,3.4,3.3,3.2
R2642,1.7,1.5,1.5,1.4,1.3
R2643,3.2,3.2,3.0,2.7,2.5
R2644,2.6,2.6,2.4,2.4,2.5
R2645,1.6,2.0,1.9,2.0,2.4
R2646,0.1,0.2,0.1,0.0,0.8
R2647,0.5,0.8,0.4,0.3,0.2
R2648,2.8,2.8,2.8,2.6,2.5
R2649,2.1,1.9,2.0,2.0,2.3
R2650,0.8,1.0,1.0,1.0,1.1
R2651,2.7,2.7,2.7,2.7,2.5
R2652,0.9,1.1,1.0,0.9,0.9
R2653,0.1,0.0,0.1,0.1,0.1
R2654,3.4,3.4,3.4,3.2,2.9
R2655,1.1,1.4,1.2,1.3,1.5
R2656,2.6,2.8,2.7,2.5,2.7
R2657,2.3,2.4,2.2,1.9,2.2
R2658,0.0,0.0,0.3,0.2,0.3
R2659,0.6,0.5,0.7,0.5,0.6
R2660,1.9,1.9,2.1,2.1,2.1
R2661,0.8,0.8,0.6,0.8,0.8
R2662,0.8,0.8,0.5,0.5,0.6
R2663,0.0,0.0,0.0,0.0,0.1
R2664,2.5,2.7,2.4,2.2,2.0
R2666,0.4,0.2,0.0,0.0,0.0
R2667,0.2,0.2,0.1,0.2,0.6
R2668,2.2,2.2,1.9,1.6,1.6
R2669,2.3,2.3,2.4,2.3,2.5
R2670,0.0,0.0,0.0,0.0,0.2
R2671,1.4,1.6,1.6,1.8,1.8
R2672,0.0,0.0,0.0,0.0,0.1
R2673,2.9,2.6,2.7,2.3,2.2
R2674,3.0,3.2,3.2,3.0,3.0
R2675,3.0,2.7,2.8,2.9,2.9
R2676,0.8,0.9,1.0,1.3,1.3
R2677,3.2,3.5,3.3,3.2,3.3
R2678,3.2,3.3,3.3,2.9,2.8
R2679,0.6,0.8,0.9,0.8,0.9
R2680,3.0,3.1,3.0,2.9,3.0
R2681,3.3,3.5,3.4,3.0,2.9
R2682,1.3,1.3,1.5,1.5,1.6
R2684,4.0,4.0,3.9,3.8,3.8
R2685,1.5,1.9,2.2,2.2,2.2
R2686,3.2,3.1,2.9,2.6,2.9
R2687,0.7,0.6,0.6,0.6,0.7
R2688,0.1,0.2,0.4,0.4,0.2
R2689,1.9,2.2,2.1,2.0,2.3
R2690,1.3,1.4,1.5,1.4,1.6
R2693,0.4,0.6,1.0,0.7,0.8
R2694,0.0,0.0,0.0,0.0,0.1
R2695,0.1,0.0,0.0,0.1,0.0
R2696,2.1,2.2,2.1,1.8,2.2
R2697,2.0,2.0,1.9,1.8,1.8
R2698,2.8,2.7,2.5,2.2,2.2
R2699,0.0,0.0,0.0,0.0,0.1
R2700,2.6,2.7,2.9,2.8,2.6
R2701,1.3,1.6,1.6,1.3,1.5
R2702,0.8,0.9,0.9,0.9,0.7
R2703,0.8,1.2,1.3,1.2,1.2
R2704,1.5,1.6,1.4,1.8,1.8
R2705,1.8,1.9,2.2,2.0,2.1
R2706,1.5,1.5,1.6,1.4,1.7
R2707,2.3,2.6,2.5,2.2,2.2
R2708,2.7,2.9,3.1,3.0,3.1
R2709,3.0,2.6,2.4,2.4,2.3
R2710,3.1,3.0,3.0,2.7,2.7
R2711,1.4,1.3,1.4,1.4,1.5
R2712,2.9,2.7,2.7,2.4,2.5
R2713,1.2,1.4,1.4,1.6,1.5
R2714,0.3,0.2,0.1,0.0,0.0
R2715,3.1,2.9,2.7,2.5,2.2
R2716,3.6,3.6,3.0,2.7,2.5
R2717,0.1,0.1,0.1,0.0,0.0
R2718,0.0,0.0,0.3,0.3,0.7
R2719,0.8,1.1,0.5,1.1,0.8
R2720,3.2,3.3,3.3,3.0,2.9
R2721,3.3,3.3,3.1,3.1,2.6
R2722,2.2,2.6,2.6,2.7,2.6
R2723,0.3,0.4,0.3,0.8,0.6
R2724,0.0,0.0,0.0,0.0,0.0
R2725,0.6,0.6,0.6,0.6,0.6
R2726,0.7,1.0,1.0,0.9,1.1
R2727,4.2,4.0,3.9,3.9,3.8
R2728,0.0,0.0,0.1,0.0,0.2
R2729,1.1,1.1,1.4,1.4,1.5
R2730,1.1,1.0,1.4,1.5,1.7
R2731,2.4,2.4,2.5,2.1,2.4
R2732,0.0,0.0,0.0,0.0,0.0
R2733,1.5,1.5,1.4,1.7,1.6
R2734,2.1,2.4,2.5,2.7,2.7
R2735,3.2,3.4,2.9,2.8,2.4
R2736,2.3,2.0,1.8,2.0,2.0
R2737,4.1,4.1,4.1,3.9,3.6
R2739,0.0,0.0,0.0,0.0,0.1
R2740,3.1,3.3,3.2,2.9,2.9
R2741,0.5,0.3,0.3,0.2,0.1
R2742,0.4,0.4,0.5,0.6,0.9
R2743,1.2,1.1,1.3,1.3,1.4
R2744,3.7,3.6,3.6,3.5,3.5
R2745,3.4,3.1,3.3,3.1,3.3
R2746,3.9,3.9,4.0,3.9,4.1
R2747,2.7,2.6,2.4,2.3,2.2
R2748,2.6,2.7,2.6,2.6,2.6
R2749,2.5,2.4,2.5,2.2,2.3
R2750,3.5,3.6,3.8,3.6,3.5
R2751,2.6,2.5,2.5,2.4,2.3
R2752,4.2,4.3,4.3,4.1,3.9
R2753,2.5,2.5,2.6,2.5,2.4
R2754,3.6,3.6,3.7,3.5,3.4
R2755,2.8,2.7,2.7,2.4,2.5
R2756,1.7,1.7,1.6,1.7,1.6
R2757,1.7,1.7,1.8,1.6,1.5
R2758,3.8,4.0,4.0,3.7,4.0
R2759,3.5,3.4,3.5,3.2,3.3
R2760,2.2,2.0,1.7,1.5,1.3
R2761,2.7,2.6,2.6,2.6,2.8
R2762,4.2,4.3,4.3,4.1,4.2
R2763,3.9,3.7,4.0,3.8,3.8
R2764,3.9,4.0,3.9,3.8,3.7
R2765,2.6,2.8,2.7,2.8,2.7
R2766,3.5,3.5,3.7,3.6,3.8
R2767,4.5,4.6,4.4,4.4,4.1
R2768,2.6,2.5,2.4,2.3,2.4
R2769,2.8,2.7,2.5,2.6,2.7
R2770,2.2,2.3,2.5,2.2,2.1
R2771,3.9,3.8,3.9,3.7,3.9
R2772,4.2,4.3,4.2,3.9,4.0
R2773,0.8,0.5,0.5,0.3,0.3
R2774,0.0,0.1,0.1,0.6,0.3
R2775,0.2,0.1,0.3,0.0,0.1
R2776,0.2,0.2,0.0,0.0,0.0
R2777,0.9,0.8,0.7,0.6,0.3
R2778,0.1,0.0,0.0,0.2,0.0
R2779,1.2,1.1,1.0,0.8,0.7
R2780,0.0,0.0,0.0,0.0,0.0
R2781,1.1,1.0,0.8,0.6,0.4
R2782,1.1,1.0,0.7,0.6,0.5
R2783,1.2,1.0,0.8,0.8,0.6
R2784,1.6,1.5,1.5,1.2,1.2
R2785,0.8,0.7,0.8,0.4,0.6
R2786,0.0,0.0,0.0,0.0,0.0
R2789,1.0,1.1,0.8,0.7,0.6
R2790,2.2,2.0,1.9,1.9,2.0
R2792,1.4,1.6,1.4,1.2,1.3
R2793,3.0,2.5,2.3,2.3,2.4
R2796,0.8,0.9,0.7,0.5,0.4
R2798,1.0,1.0,0.9,0.6,0.8
R2799,1.0,1.1,1.0,1.0,1.0
R2800,1.1,1.1,0.9,1.0,1.0
R2801,3.2,2.8,2.8,2.2,2.3
R2802,1.3,1.3,1.2,1.1,1.0
R2803,1.7,1.9,1.7,1.5,1.7
R2804,0.8,0.8,0.7,0.5,0.5
R2805,0.6,0.8,0.7,0.6,0.8
R2806,1.6,1.6,1.5,1.3,1.3
R2807,1.5,1.5,1.3,1.1,1.1
R2809,1.3,1.2,1.1,1.2,1.0
R2810,2.8,2.7,2.5,2.2,2.1
R2811,3.2,2.8,2.7,2.1,2.3
R2812,1.1,1.2,1.0,1.1,0.9
R2813,1.5,1.5,1.2,1.1,1.1
R2814,1.0,1.0,1.1,0.7,0.8
R2815,2.0,1.9,2.1,1.9,2.0
R2816,2.9,2.6,2.5,2.2,2.2
R2817,0.6,0.6,0.6,0.5,0.3
R2819,2.6,2.6,2.5,2.2,2.1
R2821,1.7,1.5,1.3,1.6,1.3
R2822,0.3,0.4,0.4,0.2,0.2
R2823,2.7,2.6,2.3,2.0,2.0
R2825,2.8,2.6,2.6,2.2,2.3
R2826,0.5,0.6,0.6,0.4,0.7
R2827,1.5,1.4,1.2,1.0,1.2
R2828,1.7,1.9,1.6,1.4,1.4
R2829,0.7,0.7,0.6,0.5,0.6
R2830,0.7,0.7,0.6,0.5,0.5
R2833,0.3,0.4,0.4,0.2,0.2
R2834,0.8,0.8,0.8,0.6,0.8
R2835,1.9,2.0,1.7,1.5,1.6
R2836,1.6,1.6,1.4,1.3,1.3
R2837,1.1,1.1,1.2,0.7,0.8
R2838,1.0,1.1,0.8,0.9,0.8
R2840,3.3,3.0,2.9,2.4,2.3
R2841,1.2,1.0,1.0,0.8,0.9
R2842,2.7,2.5,2.5,2.0,2.2
R2843,0.2,0.2,0.3,0.1,0.3
R2844,1.0,1.1,0.9,0.8,1.0
R2845,1.0,1.1,1.0,0.9,1.0
R2846,0.6,0.6,0.6,0.5,0.4
R2848,0.7,0.7,0.7,0.4,0.5
R2850,1.1,1.3,1.2,0.8,0.9
R2851,1.6,1.6,1.4,1.3,1.3
R2852,1.5,1.5,1.4,1.1,1.1
R2853,2.6,2.6,2.4,1.9,2.1
R2854,0.7,0.7,0.6,0.5,0.3
R2855,1.0,1.0,0.9,0.6,0.8
R2856,2.8,2.6,2.6,1.9,2.1
R2857,1.7,1.5,1.3,1.4,1.3
R2858,1.1,1.4,1.0,1.0,1.2
R2859,2.9,2.7,2.6,2.3,2.2
R2860,1.6,1.6,1.2,1.5,1.3
R2861,1.9,1.7,2.0,1.7,2.0
R2862,0.8,0.8,0.8,0.7,0.8
R2863,1.6,1.5,1.4,1.4,1.2
R2872,2.7,2.4,2.4,2.1,2.2
R2873,0.3,0.4,0.4,0.3,0.3
R2874,1.8,1.7,1.7,1.8,1.8
R2875,1.3,1.3,1.2,1.2,1.0
R2876,1.3,1.3,1.1,0.9,0.9
R2878,1.7,1.8,1.5,1.2,1.2
R2879,0.8,0.9,0.8,0.8,0.7
R2881,0.2,0.3,0.4,0.1,0.1
R2882,2.0,1.9,2.0,1.8,2.0
R2883,0.8,0.9,0.8,0.6,0.5
R2887,0.0,0.1,0.0,0.0,0.2
R2888,1.3,1.4,1.2,0.9,1.1
R2889,1.0,1.0,0.8,0.5,0.6
R2891,0.9,0.9,0.8,0.8,0.8
R2892,2.9,2.7,2.6,2.4,2.2
R2893,2.9,2.5,2.3,2.3,2.3
R2896,0.8,0.7,0.7,0.7,0.5
R2898,2.5,2.4,2.3,1.9,1.9
R2899,2.0,1.9,2.0,1.8,2.0
R2902,2.0,1.9,2.1,1.9,2.0
R2903,2.0,1.9,2.1,1.9,2.0
R2904,0.7,0.8,0.6,0.5,0.5
R2907,1.2,1.1,1.1,1.1,1.0
R2908,0.6,1.0,0.8,0.6,0.8
R2911,1.6,1.6,1.2,1.6,1.2
R2912,1.6,1.8,1.4,1.4,1.3
R2914,0.7,0.8,0.8,0.6,0.5
R2919,0.5,0.4,0.4,0.4,0.3
R2921,0.7,0.7,0.7,0.9,0.9
R2922,2.6,2.4,2.4,2.6,2.5
R2923,2.4,2.0,2.1,2.1,1.9
R2924,1.4,1.8,1.6,1.8,1.6
R2925,0.3,0.2,0.1,0.1,0.3
R2926,2.0,1.9,1.9,1.6,1.6
R2927,0.7,0.4,0.5,0.6,0.5
R2928,0.2,0.0,0.1,0.0,0.0
R2929,0.9,1.0,0.8,0.8,1.0
R2930,1.4,1.4,1.3,1.7,1.5
R2931,3.0,3.0,3.0,2.9,2.7
R2932,2.0,1.2,1.3,1.2,1.1
R2933,1.1,1.2,1.1,1.3,1.2
R2934,1.1,1.2,0.9,0.8,0.6
R2935,0.0,0.0,0.0,0.0,0.0
R2936,1.9,2.0,2.1,1.9,2.0
R2937,2.1,1.9,1.6,1.8,1.6
R2938,1.8,1.5,1.3,1.1,1.0
R2939,0.7,0.8,0.8,0.9,0.7
R2940,1.8,1.7,1.6,1.6,1.3
R2941,2.4,2.2,2.2,2.0,2.1
R2942,2.3,2.3,2.3,2.2,2.1
R2943,0.5,0.5,0.1,0.4,0.3
R2944,2.7,2.7,2.8,2.6,2.6
R2945,0.0,0.0,0.0,0.0,0.0
R2946,1.2,1.1,0.9,1.0,0.8
R2947,2.5,2.5,2.3,2.2,2.1
R2948,0.1,0.2,0.4,0.5,0.3
R2949,0.0,0.0,0.0,0.1,0.0
R2950,1.9,1.8,1.8,1.8,1.8
R2951,1.1,1.0,0.7,0.7,0.6
R2952,2.7,2.8,2.6,2.6,2.7
R2953,1.6,1.3,1.4,1.3,1.4
R2954,2.0,1.8,1.8,1.6,1.5
R2955,2.8,2.6,2.4,2.1,1.9
R2956,3.4,3.2,3.2,3.2,3.4
R2957,0.0,0.0,0.0,0.0,0.0
R2958,1.8,1.8,1.5,1.7,1.4
R2959,2.1,2.2,2.3,2.4,2.2
R2961,1.5,1.6,1.5,1.4,1.5
R2962,2.1,1.8,1.9,1.5,1.3
R2964,0.2,0.0,0.0,0.0,0.0
R2969,0.8,0.5,0.5,0.6,0.6
R2974,1.5,1.4,1.5,0.9,1.2
R2977,0.3,0.2,0.1,0.2,0.2
R2979,2.2,1.9,1.7,1.4,1.3
R2981,1.3,1.3,1.5,1.4,1.5
R2982,2.7,2.4,2.4,1.9,2.1
R2983,1.3,1.3,1.2,1.2,0.9
R2984,0.3,0.0,0.0,0.0,0.0
R2985,0.0,0.1,0.0,0.0,0.1
R2986,0.7,0.6,0.6,0.5,0.9
R2987,1.0,1.1,0.9,1.1,0.9
R2990,0.3,0.0,0.0,0.0,0.1
R2991,0.9,1.1,1.0,1.1,0.9
R2994,1.3,1.4,1.3,0.8,1.1
R2998,0.7,0.5,0.3,0.2,0.0
R2999,1.3,1.2,1.5,1.3,1.4
R3000,2.6,2.1,2.3,1.7,2.0
R3003,1.1,1.1,1.4,1.1,1.3
R3004,0.9,1.1,0.8,1.0,0.9
R3007,0.6,0.4,0.5,0.3,0.3
R3011,0.0,0.0,0.0,0.0,0.0
R3014,2.7,2.6,2.3,1.7,2.0
R3017,0.5,0.3,0.3,0.0,0.2
R3020,0.1,0.4,0.1,0.3,0.0
R3021,0.6,0.3,0.5,0.6,0.6
R3031,0.1,0.0,0.0,0.0,0.0
R3062,0.3,0.0,0.0,0.0,0.0
R3063,0.8,0.6,0.6,0.5,0.8
R3070,0.8,0.3,0.5,0.1,0.4
R3073,0.0,0.0,0.0,0.0,0.0
R3076,0.0,0.0,0.1,0.0,0.0
R3087,1.5,1.7,1.4,1.8,1.8
R3088,0.0,0.0,0.0,0.0,0.0
R3089,0.8,0.6,0.5,0.6,0.6
R3090,3.2,3.6,3.7,3.8,3.5
R3091,2.4,2.5,2.6,2.6,2.6
R3092,0.4,0.3,0.3,0.4,0.5
R3093,2.2,2.2,2.3,2.1,2.2
R3094,2.2,2.4,2.4,2.7,2.4
R3095,2.7,2.6,2.7,2.7,2.9
R3096,1.3,1.4,2.0,2.3,2.5
R3097,1.2,1.2,1.3,1.1,1.1
R3098,2.5,2.6,2.6,2.7,2.8
R3099,1.4,1.6,1.6,1.8,1.4
R3100,1.2,1.3,1.3,1.3,1.4
R3101,1.1,1.4,1.9,1.6,1.7
R3102,1.2,1.5,1.7,1.8,1.7
R3103,0.0,0.0,0.0,0.0,0.0
R3104,1.4,1.7,1.5,1.5,1.6
R3105,3.0,3.2,3.2,3.0,3.1
R3107,2.5,2.6,2.6,2.4,2.3
R3108,0.2,0.1,0.0,0.2,0.1
