region_id,week_1,week_2,week_3,week_4,week_5
R1,0.0,0.0,0.0,0.0,0.0
R1001,0.0,0.0,0.0,0.0,0.0
R1002,9.954579e-10,4.7819304e-10,0.0,0.0,0.0
R1005,2.0598054e-09,1.924345e-09,1.1988719e-09,0.0,0.0
R1006,2.3605153e-09,2.4129858e-09,2.1094195e-09,1.1867436e-09,0.0
R1007,3.7176662e-10,0.0,0.0,0.0,0.0
R1009,0.0,0.0,0.0,0.0,0.0
R1011,1.3836488e-10,0.0,0.0,0.0,0.0
R1012,8.0550944e-10,4.1990456e-10,6.744072e-11,0.0,0.0
R1014,3.2563063e-10,0.0,0.0,0.0,0.0
R1015,0.0,0.0,0.0,0.0,0.0
R1017,0.0,0.0,0.0,0.0,0.0
R1019,8.601102e-10,1.27511335e-11,0.0,0.0,0.0
R1020,8.395951e-12,0.0,0.0,0.0,0.0
R1021,0.0,0.0,0.0,0.0,0.0
R1022,0.0,0.0,0.0,0.0,0.0
R1024,1.5344199e-09,7.150547e-11,0.0,0.0,0.0
R1025,0.0,0.0,0.0,0.0,0.0
R1026,0.0,0.0,0.0,0.0,0.0
R1028,2.2795867e-09,2.1444841e-09,1.1500734e-09,0.0,0.0
R1032,5.32443e-10,5.945733e-11,0.0,0.0,0.0
R1034,1.8836488e-11,0.0,0.0,0.0,0.0
R1035,1.2645331e-09,0.0,0.0,0.0,0.0
R1036,0.0,0.0,0.0,0.0,0.0
R1037,0.0,0.0,0.0,0.0,0.0
R1041,0.0,0.0,0.0,0.0,0.0
R1042,1.3748216e-09,0.0,0.0,0.0,0.0
R1046,9.515633e-10,0.0,0.0,0.0,0.0
R1047,0.0,0.0,0.0,0.0,0.0
R1048,2.0137625e-10,0.0,0.0,0.0,0.0
R1049,0.0,0.0,0.0,0.0,0.0
R1051,0.0,0.0,0.0,0.0,0.0
R1052,2.0945201e-09,1.0754593e-09,0.0,0.0,0.0
R1053,2.3905322e-10,0.0,0.0,0.0,0.0
R1054,0.0,0.0,0.0,0.0,0.0
R1056,0.0,0.0,0.0,0.0,0.0
R1057,9.406875e-11,0.0,0.0,0.0,0.0
R1058,0.0,0.0,0.0,0.0,0.0
R1061,0.0,0.0,0.0,0.0,0.0
R1065,0.0,0.0,0.0,0.0,0.0
R1067,0.0,0.0,0.0,0.0,0.0
R1069,0.0,0.0,0.0,0.0,0.0
R1071,1.4140049e-09,3.4513992e-10,0.0,0.0,0.0
R1074,0.0,0.0,0.0,0.0,0.0
R1077,5.359342e-10,0.0,0.0,0.0,0.0
R1078,0.0,0.0,0.0,0.0,0.0
R1079,5.0575855e-10,0.0,0.0,0.0,0.0
R1080,0.0,0.0,0.0,0.0,0.0
R1082,1.4176942e-09,2.3974422e-10,0.0,0.0,0.0
R1083,1.0310199e-09,6.789591e-11,0.0,0.0,0.0
R1084,0.0,0.0,0.0,0.0,0.0
R1085,0.0,0.0,0.0,0.0,0.0
R1086,9.906367e-10,4.6532556e-11,0.0,0.0,0.0
R1087,1.8600677e-09,8.573655e-10,0.0,0.0,0.0
R1088,2.1932411e-10,0.0,0.0,0.0,0.0
R1089,9.263319e-10,1.9902542e-09,3.608128e-09,4.2219814e-09,3.5655732e-09
R1090,0.0,0.0,0.0,0.0,0.0
R1091,3.0879348e-09,4.44788e-09,4.4985535e-09,3.6226153e-09,0.0
R1092,5.1328874e-10,0.0,0.0,0.0,0.0
R1093,0.0,0.0,0.0,0.0,0.0
R1094,0.0,0.0,0.0,0.0,0.0
R1095,0.0,0.0,0.0,0.0,0.0
R1096,0.0,0.0,0.0,0.0,0.0
R1098,3.3295977e-09,4.271783e-09,3.6785508e-09,1.5208894e-09,0.0
R11,1.1058054e-09,1.1052723e-09,7.390526e-10,0.0,0.0
R1100,0.0019380003,0.0,0.0,0.0,0.0
R1101,4.923937e-10,0.0,0.0,0.0,0.0
R1102,1.4947359e-09,2.6544633e-09,4.0116723e-09,5.0734217e-09,5.7239733e-09
R1103,0.0,0.0,0.0,0.0,0.0
R1105,2.151133e-09,1.5960513e-09,1.0405365e-09,1.844626e-09,2.7362863e-09
R1107,0.0,0.0,0.0,0.0,0.0
R1108,5.4648597e-10,0.0,0.0,0.0,0.0
R1109,0.0,0.0,0.0,0.0,0.0
R111,0.0,0.0,0.0,0.0,0.0
R1114,0.0,0.0,0.0,0.0,0.0
R1115,2.6560594e-09,2.7385791e-09,2.378472e-09,2.0049322e-09,3.0903955e-09
R1116,0.0,0.0,0.0,0.0,0.0
R1117,6.90332e-10,9.479333e-10,0.0,0.0,0.0
R1118,0.0,0.0,0.0,0.0,0.0
R1119,0.0,0.0,0.0,0.0,0.0
R1120,0.0,0.0,0.0,0.0,0.0
R1123,3.489675e-09,2.4291191e-09,1.5890507e-09,0.0,0.0
R1124,2.1294058e-09,1.4762458e-09,1.0228338e-09,1.9205992e-09,9.88055e-10
R1125,1.408198e-10,0.0,0.0,0.0,0.0
R1126,0.0,0.0,0.0,0.0,0.0
R1128,0.0,0.0,0.0,0.0,0.0
R1130,0.0,0.0,0.0,0.0,0.0
R1133,3.658709e-10,0.0,0.0,0.0,0.0
R1134,4.9797055e-10,7.5494544e-10,1.2665096e-09,1.7211907e-09,2.0077486e-09
R1135,0.0,0.0,0.0,0.0,0.0
R1136,3.6832137e-10,0.0,0.0,0.0,0.0
R1139,0.0,0.0,0.0,0.0,0.0
R1140,0.0,0.0,0.0,0.0,0.0
R1142,0.0,0.0,0.0,0.0,0.0
R1143,0.0,0.0,0.0,0.0,0.0
R1144,0.0,0.0,0.0,0.0,0.0
R1145,0.006559521,0.004124671,0.0016435385,0.0024969876,0.0028797686
R1146,6.219001e-10,0.0,0.0,0.0,0.0
R1147,6.4208194e-11,0.0,0.0,0.0,0.0
R1148,0.00427112,0.0034845173,0.0,0.0,0.0
R1149,2.1102098e-09,2.672873e-09,2.4283962e-09,2.181424e-09,1.5690467e-09
R1150,0.0,0.0,0.0,4.7445297e-05,0.0002373159
R1151,0.0,0.00021025538,0.00036224723,0.0011395812,0.002913922
R1152,0.0,0.0,0.0,0.0,0.0
R1153,0.0065386295,0.004452467,0.0018720329,0.001957178,0.003362298
R1154,0.0,0.0,0.0,0.0,0.0
R1155,0.0,0.0,0.0001270771,0.0009364486,0.0037833154
R1156,1.5752111e-09,1.4390993e-09,7.974219e-10,1.889644e-11,0.0
R1157,0.00029037893,0.0,0.0,0.0,0.0
R1158,0.0046770275,0.0036036372,0.0,0.0,0.0
R1159,8.583676e-10,5.4805627e-10,1.7680835e-10,0.0,0.0
R1161,1.1642154e-10,0.0,0.0,0.0,0.0
R1163,0.0,0.0,0.0,0.0,0.0
R1164,0.0,0.0,0.0,0.0,0.0
R1166,2.758848e-09,3.0011627e-09,3.108242e-09,3.2463339e-09,2.7355216e-09
R1167,0.0,0.0,0.0,0.0,0.0
R1168,0.0,0.0,0.0,0.0,0.0
R1175,5.1957993e-11,0.0,0.0,0.0,0.0
R1176,2.2593882e-10,0.0,0.0,0.0,0.0
R1177,0.0,0.0,0.0,0.0,0.0
R1178,1.3734136e-09,1.3688315e-09,1.4931838e-09,1.2570369e-09,0.0
R1179,3.6274006e-10,2.1069724e-10,1.340883e-11,0.0,0.0
R1180,0.0,0.0,0.0,0.0,0.0
R1181,0.0,0.0,0.0,0.0,0.0
R1182,0.0,0.0,0.0,0.0,0.0
R1184,0.0,0.0,0.0,0.0,0.0
R1185,0.0,0.0,0.0,0.0,0.0
R1186,8.7783447e-10,0.0,0.0,0.0,0.0
R1187,1.7172532e-09,7.034151e-10,0.0,0.0,0.0
R1188,0.0,0.0,0.0,0.0,0.0
R1189,1.3227235e-09,1.2608001e-09,9.888921e-10,0.0,0.0
R119,0.0,0.0,0.0,0.0,0.0
R1190,2.2357163e-09,2.3685267e-09,2.2514701e-09,1.6049513e-09,0.0
R1191,0.0,0.0,0.0,0.0,0.0
R1192,5.212719e-12,0.0,0.0,0.0,0.0
R1193,0.005804628,0.003045112,0.0015820563,0.0018926263,0.0009764433
R1194,0.0,0.0,0.0,0.0,0.0
R1195,1.3557928e-09,3.3598635e-10,0.0,0.0,0.0
R1196,1.9193802e-10,0.0,0.0,0.0,0.0
R1197,1.4035941e-09,1.1471135e-09,6.0570327e-10,0.0,0.0
R1200,0.0,0.0,0.0,0.0,0.0
R1203,0.0,0.0,0.0,0.0,0.0
R1204,0.0,0.0,0.0,0.0,0.0
R1205,0.0,0.0,0.0,0.0,0.0
R1208,9.564349e-11,0.0,0.0,0.0,0.0
R1209,5.434013e-10,4.7202686e-11,0.0,0.0,0.0
R1210,0.001833383,0.0019153953,0.0018083006,0.001379922,0.0013516173
R1211,8.700427e-10,4.925349e-10,0.0,0.0,0.0
R1212,0.0,0.0,0.0,0.0,0.0
R1213,0.0014775805,0.0015087686,0.0010094792,0.00078262016,0.0
R1215,0.0,0.0,0.0,0.0,0.0
R1219,0.0,0.0,0.0,0.0,0.0
R1221,0.00074971095,0.00039801747,0.0006007403,9.329617e-05,0.0
R1223,0.0,0.0,0.0,0.0,0.0
R1227,2.8627238e-09,2.9192533e-09,2.6547857e-09,1.67655e-09,0.0
R1228,0.0,0.0,0.0,0.0,0.0
R1229,0.0048150867,0.0021487623,0.0,0.0,0.0
R123,0.0,0.0,0.0,0.0,0.0
R1231,0.0,0.0,0.0,0.0,0.0
R1232,2.4531577e-10,0.0,0.0,0.0,0.0
R1233,0.0,0.0,0.0,0.0,0.0
R1235,0.0010533892,0.000903219,0.0007924177,0.0005761832,0.0002891384
R1236,5.3002625e-10,4.6825654e-10,6.7386985e-11,0.0,0.0
R1238,0.0,0.0,0.0,0.0,0.0
R1239,0.0,0.0,0.0,0.0,0.0
R1241,0.0029149652,0.0031784326,0.0027806237,0.0018551424,0.0019154251
R1243,0.0013146698,0.001119148,0.0005311668,0.00075722486,0.0
R1247,0.0,0.0,0.0,0.0,0.0
R1249,0.0,0.0,0.0,0.0,0.0
R1255,0.0018362217,0.0012397207,0.0009471327,0.0006136447,0.00039187446
R1257,0.0,0.0,0.0,0.0,0.0
R1260,0.0027419217,0.0029256642,0.0018126965,0.00059214234,0.0
R1262,0.0,0.0,0.0,0.0,0.0
R1267,5.990404e-10,1.596816e-10,0.0,0.0,0.0
R1272,2.9757086e-11,0.0,0.0,0.0,0.0
R1273,0.0038901567,0.002441138,0.0,0.0,0.0
R1276,0.0071513504,0.0034841,0.0,0.0,0.0
R1277,0.0,0.0,0.0,0.0,0.0
R1278,0.0026773214,0.002344098,0.0026292726,0.002035372,0.00039567798
R1279,9.826773e-10,0.0,0.0,0.0,0.0
R128,0.0,0.0,0.0,0.0,0.0
R1281,0.0,0.0,0.0,0.0,0.0
R1282,1.4938146e-09,8.560963e-10,1.6210011e-10,0.0,0.0
R1285,2.919709e-10,8.693002e-10,8.704797e-10,7.650549e-10,1.4024604e-10
R1286,1.209167e-09,1.1881163e-10,0.0,0.0,0.0
R1289,0.0,0.0,0.0,0.0,0.0
R129,0.0,0.0,0.0,0.0,0.0
R1291,0.0,0.0,0.0,0.0,0.0
R1296,0.0018799007,0.001560159,0.0009942837,0.00091835856,0.0
R1298,8.9980423e-10,1.5318111e-09,2.0838038e-09,2.0713147e-09,1.7296125e-09
R13,0.0,0.0,0.0,0.0,0.0
R1301,0.0,0.0,0.0,0.0,0.0
R1303,0.0,0.0,0.0,0.0,0.0
R1306,0.0,0.0,0.0,0.0,0.0
R1307,2.0909474e-09,1.4192341e-09,2.6173508e-10,0.0,0.0
R1308,2.5135272e-10,0.0,0.0,0.0,0.0
R1309,0.0010964014,0.0010189489,0.0009872764,0.0011995919,0.0011478774
R1310,1.832694e-09,1.3685892e-09,6.3021854e-10,0.0,0.0
R1311,0.0011214241,0.0011170097,0.0013139546,0.0012622885,0.0013520718
R1312,2.6912301e-09,2.574882e-09,1.9602595e-09,1.2484707e-09,0.0
R1314,1.2485186e-09,8.975194e-10,6.0862426e-10,0.0,0.0
R1316,0.0019761324,0.0021566749,0.0018747151,0.0011890121,0.0012422875
R1317,3.2461012e-10,4.8105875e-10,2.1642022e-10,2.3364422e-10,0.0
R1318,4.8732507e-10,3.5584424e-10,0.0,0.0,0.0
R1319,0.010209739,0.0046453476,0.0,0.0,4.157424e-05
R132,0.0,0.0,0.0,0.0,0.0
R1321,0.0,0.0,0.0,0.0,0.0
R1326,2.299847e-09,2.2341466e-09,1.707861e-09,1.1219212e-09,0.0
R1327,2.0914137e-09,2.2137798e-09,2.0156792e-09,1.2633965e-09,0.0
R1330,0.0,0.0,0.0,0.0,0.0
R1333,2.5201448e-09,2.6671503e-09,2.5549154e-09,2.093893e-09,4.59341e-10
R1335,1.3050077e-09,1.0456516e-09,4.020837e-10,0.0,0.0
R1338,4.2017856e-10,0.0,0.0,0.0,0.0
R1339,1.979525e-09,1.8170905e-09,3.4440895e-10,0.0,0.0
R1341,5.374554e-10,0.0,0.0,0.0,0.0
R1342,1.6595849e-09,6.002532e-10,0.0,0.0,0.0
R1347,0.0,0.0,0.0,0.0,0.0
R1348,0.99545765,0.9959468,0.99417526,0.99250436,0.990586
R1349,1.9365445e-09,1.7270152e-09,1.1202386e-09,0.0,0.0
R1351,2.1685922e-09,2.0374382e-09,1.4696409e-09,6.5817574e-10,0.0
R1353,0.0,0.0,0.0,0.0,0.0
R1355,3.7555203e-10,0.0,0.0,0.0,0.0
R1356,1.3454873e-09,2.688072e-10,0.0,0.0,0.0
R1357,4.9031135e-10,5.98821e-10,6.1859584e-10,9.2562047e-10,5.707905e-10
R1358,1.1997221e-09,1.9285644e-09,2.226482e-09,1.8740467e-09,1.026216e-09
R1359,7.0645845e-10,3.866938e-10,2.0427127e-10,0.0,0.0
R1360,5.217258e-10,9.339458e-10,1.4333006e-09,1.2447732e-09,8.080243e-10
R1362,2.2135083e-09,1.8279653e-09,9.11609e-10,0.0,0.0
R1364,2.0611635e-09,2.2111233e-09,2.0945659e-09,1.6027655e-09,7.4398265e-12
R1365,0.0,0.0,0.0,0.0,0.0
R1366,2.4032307e-09,2.6026494e-09,2.5531972e-09,2.1786315e-09,9.2276053e-10
R1367,0.0,0.0,0.0,0.0,0.0
R1368,0.0,0.0,0.0,0.0,0.0
R1375,2.839548e-09,2.879299e-09,2.6798364e-09,1.8921646e-09,0.0
R1378,0.0,0.0,0.0,0.004506469,0.00638929
R1386,0.0,0.0,0.0,0.0,0.0
R1387,7.7640916e-10,0.0,0.0,0.0,0.0
R1388,0.0,0.0,0.0,0.0,0.0
R1390,9.370744e-10,0.0,0.0,0.0,0.0
R1391,8.52034e-11,4.544809e-12,3.834213e-10,1.0782348e-09,1.9684374e-09
R1397,2.3599886e-09,1.7082664e-09,1.2509116e-09,1.9820863e-09,0.0
R1399,0.0,0.0,0.0,0.0,0.0
R14,0.0,0.0,0.0,0.00059843063,0.0060564876
R1421,1.3800694e-09,1.1801919e-09,5.900671e-10,0.0,0.0
R1423,0.0,0.0,0.0,0.0,0.0
R1427,0.0,0.0,0.0,0.0,0.0
R1433,0.0,0.0,0.0,0.0,0.0
R1435,1.5215613e-09,6.06013e-11,0.0,0.0,0.0
R1438,0.0,0.0,0.0,0.00019937754,0.0032732487
R1446,2.7635436e-09,4.1560044e-09,4.8899094e-09,5.198273e-09,5.1239297e-09
R1448,1.8553159e-11,0.0,0.0,0.0,0.0
R1451,0.0036977232,0.0038002282,0.0026538596,0.0022827238,0.0
R1452,9.123877e-10,4.9696336e-10,0.0,0.0,0.0
R1454,1.0121464,1.0126053,1.0096227,1.0033991,0.9909633
R1455,0.9965395,0.9860738,0.97889894,0.9728315,0.96693486
R1460,0.0,0.0,0.0,0.0,0.0
R1469,1.0031139,0.9911839,0.97868335,0.96335864,0.9490919
R1471,0.9734947,0.96617925,0.9564111,0.9416894,0.9177818
R1472,0.0019244477,0.0018926449,0.0016511343,0.0006161295,0.0
R1474,0.0,0.0,0.0,0.0,0.0
R1478,1.0064771,0.99795353,0.9917561,0.9870407,0.9827774
R1481,0.0,0.0,0.0,0.0020189881,0.015644193
R1483,0.0071851015,0.0022354722,0.0021587312,0.0072506666,0.012031704
R1487,0.018116713,0.0153923035,0.014261603,0.013980985,0.014207482
R1488,1.0752146,1.0815512,1.0844566,1.0834291,1.0790681
R149,0.0,0.0,0.0,0.0,0.0
R1493,0.0,0.0,0.0,0.0,0.0
R1498,2.0830324,2.072233,2.0638509,2.0564618,2.0470788
R15,2.324449e-09,2.3675435e-09,2.0755806e-09,1.1953525e-09,0.0
R1501,2.8911553e-09,3.0478544e-09,2.8545402e-09,2.5363405e-09,1.5171091e-09
R1504,1.0004697,1.0006096,1.0002271,0.9997867,0.99806577
R1505,1.8502249e-09,1.5950923e-09,1.286067e-09,9.623962e-10,4.3255977e-10
R1509,2.0975974,2.090717,2.087667,2.0829716,2.0747602
R1513,2.3817042e-09,2.605599e-09,2.6591684e-09,2.6382705e-09,1.972213e-09
R152,0.0,0.0,0.0,0.0,0.0
R1522,2.039419,1.812398,1.5877175,1.458109,1.4001026
R1523,0.0016473271,0.0016763918,0.0010486953,0.00092661753,0.0
R1533,0.003955543,0.0,0.0,0.0028074682,0.005792111
R1535,0.0,0.0,0.0,0.0,0.0
R1545,2.694893e-09,2.8507623e-09,2.6862765e-09,2.1508701e-09,9.276495e-10
R1547,0.0,0.0,0.0,0.0,0.0
R1548,0.0014223829,0.0012714751,0.00069731846,0.00045799837,0.0
R1553,0.9622194,0.9564766,0.9483216,0.9363998,0.9234386
R1555,0.0,0.0,0.0,0.0,0.0
R1557,1.0010699,0.9771033,0.801265,0.1293326,0.0
R1561,0.9752723,0.9666424,0.9547874,0.9380872,0.9109789
R1562,0.00058317184,0.00036629662,0.0,0.0,0.0
R1563,0.0,0.0,0.0,0.0,0.0
R1564,0.0,0.0,0.0,0.0,0.0
R1565,0.0012380369,0.0012776479,0.0015087277,0.0017192997,0.0017258562
R1566,0.0,0.0,0.0,0.0,0.0
R1567,0.0049958825,0.0048808455,0.0050309896,0.00631088,0.008555889
R1568,0.0,0.0,0.0,0.0,0.0
R1569,0.0,0.0,1.5694557e-11,3.729297e-10,2.1623148e-11
R1570,0.0,0.0,0.0,0.0,0.0
R1571,1.1834569e-09,4.870768e-10,4.812293e-10,9.994983e-10,2.1546245e-09
R1572,0.0016314723,0.00163709,0.0012605079,0.0004620105,0.00029048324
R1573,1.6706814e-10,0.0,0.0,0.0,0.0
R1574,0.005252719,0.005317569,0.0051520467,0.0048038363,0.0028922558
R1575,0.0,0.0,0.0,0.0,0.0
R1577,0.0,0.0,0.0,0.0,0.0
R1578,0.0,0.0,0.0,0.0,0.0
R1579,1.0188164,1.0183291,1.0169291,1.012353,1.0020729
R158,1.0058823,1.0024158,0.9983068,0.99858147,0.99884415
R1580,1.9871826e-09,1.6546902e-09,9.328649e-10,0.0,0.0
R1581,1.3550716e-09,3.9731152e-10,0.0,0.0,0.0
R1582,0.0,0.0,0.0,0.0,0.0
R1583,1.7486013e-10,0.0,0.0,0.0,0.0
R1585,0.010591805,0.00944984,0.007814109,0.0065638423,0.007248044
R1586,1.241415e-09,1.1876156e-09,8.9339225e-10,0.0,0.0
R1587,0.0,0.0,0.0,0.0,0.0
R1588,0.0,0.0,0.0,0.0,0.0
R1589,0.0013581403,0.0011857599,0.00094688684,0.0005067438,3.5651028e-05
R159,0.012962937,0.013450921,0.013036728,0.012604475,0.010559499
R1590,0.001050774,0.0009837523,0.00085743517,0.000437513,0.00020173565
R1591,2.001122,2.0012631,2.0013344,2.001207,2.0017812
R1592,0.00044360384,0.0005261153,0.00057034194,0.00093472004,0.000999663
R1593,1.3740977e-09,5.12423e-10,0.0,0.0,0.0
R1594,0.0,0.0,0.0,0.0,0.0
R1597,6.0498273e-10,0.0,0.0,0.0,0.0
R1598,1.1206616e-09,1.9023583e-10,0.0,0.0,0.0
R1599,6.611498e-10,5.0938653e-10,0.0,0.0,0.0
R16,2.5890352e-09,3.2564544e-09,3.6638577e-09,3.5605576e-09,3.063036e-09
R160,0.99411374,0.9939716,0.99597263,0.9979019,0.99920136
R1600,0.0038095713,0.0043744445,0.0051988363,0.005568862,0.0063462853
R1601,0.0009700544,0.0009700246,0.00085991994,0.0006509721,0.00020960346
R1602,1.8056836e-09,1.3843406e-09,1.1018937e-09,3.92141e-10,0.0
R1603,0.0012314543,0.001185786,0.00108191,0.000634145,0.00032887235
R1604,5.030172e-10,0.0,0.0,0.0,0.0
R1606,0.0,0.0,0.0,0.0,0.0
R1607,0.0054505467,0.0054668784,0.005188167,0.0052838326,0.0056560934
R1608,3.578342e-10,0.0,0.0,0.0,0.0
R1609,1.002161,1.0024315,1.0025814,1.0023522,1.001603
R161,2.0451987,2.0430043,2.0384963,2.036571,2.0322473
R1610,0.0016668998,0.0019681044,0.0021663494,0.0022757277,0.002250526
R1611,0.0016918443,0.0014139898,0.00071798265,0.0006230399,0.0
R1612,1.8318409e-09,1.6541211e-09,1.1078534e-09,0.0,0.0
R1613,1.2323635e-09,1.531212e-09,1.2610655e-09,1.264131e-09,6.1268945e-10
R1614,0.0014987476,0.0015491694,0.0015874244,0.0015738979,0.0015184283
R1615,0.0007751323,0.000749968,0.0006216839,0.0004000105,0.0
R1616,1.1005497e-09,0.0,0.0,0.0,0.0
R1617,0.0,0.0,0.0,0.0,0.0
R1618,1.8578028e-10,0.0,0.0,0.0,0.0
R1619,1.0,1.0,1.0,1.0,1.0
R162,1.0101099,1.0133487,1.0122542,1.0079874,1.0024722
R1620,1.6901018e-09,7.593144e-10,0.0,0.0,0.0
R1621,1.2577799e-09,1.1724739e-09,7.8762596e-10,4.655476e-11,0.0
R1622,1.370879e-09,9.19278e-11,0.0,0.0,0.0
R1623,1.6489545e-09,1.4888699e-09,9.957062e-10,1.405871e-10,0.0
R1624,1.0190726e-09,0.0,1.4038459e-10,1.3869705e-10,0.0
R1625,0.0,0.0,0.0,0.0,0.0
R1626,1.0373813e-09,0.0,0.0,0.0,0.0
R1627,2.106883e-09,2.2289115e-09,2.091788e-09,1.4306321e-09,0.0
R1628,2.4864457e-09,2.400114e-09,1.847591e-09,1.1463142e-09,0.0
R1629,8.744041e-10,0.0,0.0,0.0,0.0
R163,1.0171063,1.0161316,1.0139456,1.0113429,1.0116997
R1630,1.4562722e-09,1.3971277e-09,1.3608723e-09,6.8445294e-10,0.0
R1631,1.4741908e-09,1.1648775e-09,6.2323835e-10,0.0,0.0
R1632,2.5197178e-10,0.0,0.0,0.0,0.0
R1633,1.0517263e-09,6.998491e-11,0.0,0.0,0.0
R1634,0.0,0.0,0.0,0.0,0.0
R1635,2.4857523e-09,2.7346025e-09,2.7299762e-09,2.4056468e-09,1.2156063e-09
R1636,8.20884e-10,5.0147086e-10,2.1593838e-10,0.0,0.0
R1637,1.8069892e-09,1.6695485e-09,1.2757773e-09,1.0590595e-10,0.0
R1638,0.0,0.0,5.896559e-10,1.7946489e-10,0.0
R1639,0.0,0.0,0.0,0.0,0.0
R164,1.0067198,1.004016,0.99902695,0.99934345,0.9968134
R1640,0.0,0.0,0.0,0.0,0.0
R1641,1.1584684e-09,1.0069843e-09,7.675083e-10,1.9426238e-10,0.0
R1642,0.0,0.0,0.0,0.0,0.0
R1643,1.741475e-09,1.8236381e-09,1.5811543e-09,1.1109753e-09,3.0875835e-10
R1644,1.7969357e-09,1.490245e-09,9.750809e-10,1.02675646e-10,0.0
R1645,1.844831e-10,0.0,0.0,0.0,0.0
R1646,0.0,0.0,0.0,0.0,0.0
R1647,7.5071926e-10,0.0,0.0,0.0,0.0
R1648,0.0,0.0,0.0,0.0,0.0
R1649,2.182925e-10,1.4307844e-10,0.0,0.0,0.0
R165,2.0033102,2.0031395,2.002252,2.0023482,2.0018668
R1650,4.7654525e-10,1.8690427e-10,0.0,0.0,0.0
R1651,0.0,1.9953239e-10,0.0,0.0,0.0
R1652,1.9185689e-09,1.9990196e-09,1.9138238e-09,1.5343273e-09,4.944547e-10
R1653,0.0,0.0,0.0,0.0,0.0
R1654,0.0,0.0,0.0,0.0,0.0
R1655,2.2126359e-09,1.6732675e-09,1.3075823e-09,8.281953e-10,0.0
R1656,1.9065549e-10,0.0,0.0,0.0,0.0
R1657,0.0,0.0,0.0,0.0,0.0
R1658,1.969178e-09,1.8443433e-09,1.4422499e-09,2.5150815e-10,0.0
R1659,2.5043234e-09,2.6385316e-09,2.4157005e-09,2.0573387e-09,9.579364e-10
R166,0.9963529,0.9947834,0.99163085,0.98542047,0.9769517
R1660,0.0,0.0,0.0,0.0,0.0
R1661,1.2769339e-09,0.0,0.0,0.0,0.0
R1662,1.5535031e-09,1.4854116e-09,1.317719e-09,9.553021e-10,2.1939961e-10
R1663,2.4554836e-09,2.6476896e-09,2.5987847e-09,2.0788824e-09,2.6976243e-10
R1664,2.622358e-09,2.5177278e-09,1.8901076e-09,1.1618022e-09,0.0
R1665,4.1825476e-10,0.0,0.0,0.0,0.0
R1666,2.4977154e-09,2.0963922e-09,1.3865791e-09,0.0,0.0
R1667,1.4423056e-09,1.4316746e-09,1.1748111e-09,5.324601e-10,0.0
R1668,0.0,0.0,0.0,0.0,0.0
R1669,2.5740226e-09,2.777834e-09,2.7292097e-09,2.3596285e-09,8.909202e-10
R167,1.0,1.0,1.0,1.0,1.0
R1670,5.0135007e-11,2.983649e-10,5.776273e-10,9.665708e-10,6.3787997e-10
R1671,2.0511721e-09,1.7627653e-09,1.3038162e-09,5.921743e-10,0.0
R1672,1.5863633e-09,7.4352036e-10,0.0,0.0,0.0
R1673,1.6603148e-09,1.4535533e-09,1.234904e-09,5.559455e-10,0.0
R1674,0.0,1.2629542e-10,2.5594415e-10,0.0,0.0
R1675,0.0,0.0,0.0,0.0,0.0
R1676,1.5686901e-09,1.5004411e-09,1.1307395e-09,2.6261704e-10,0.0
R1677,4.7828408e-11,0.0,0.0,0.0,0.0
R1678,7.730527e-11,0.0,0.0,0.0,0.0
R1679,6.9675377e-10,5.4811977e-10,2.9855762e-10,0.0,0.0
R168,2.0,2.0,2.0,2.0,2.0
R1680,2.4224e-09,2.487526e-09,2.276443e-09,1.4284032e-09,0.0
R1681,0.0,0.0,0.0,0.0,0.0
R1682,2.5378777e-09,2.779967e-09,2.7928224e-09,2.53765e-09,1.4333708e-09
R1683,2.0952582e-09,2.4340674e-09,2.5852485e-09,2.810285e-09,2.7986076e-09
R1684,2.3433018e-09,2.5229219e-09,2.5049856e-09,2.4431541e-09,2.0190365e-09
R1685,2.3528757e-09,2.3033633e-09,1.794386e-09,1.1065397e-09,0.0
R1686,1.9757385e-09,1.935725e-09,1.674991e-09,7.859837e-10,0.0
R1687,0.0,0.0,0.0,0.0,0.0
R1688,2.0640116e-09,2.0555782e-09,1.7715838e-09,1.1153218e-09,0.0
R1689,2.5795317e-09,2.6075355e-09,2.3274722e-09,1.7052324e-09,9.224639e-10
R169,2.0152223,2.0184424,2.02207,2.0194333,2.0139961
R1690,1.3515145e-10,0.0,0.0,0.0,0.0
R1691,0.0,0.0,0.0,0.0,0.0
R1692,1.3905628e-09,1.464489e-09,1.3884913e-09,1.1901542e-09,9.657515e-10
R1693,0.0,0.0,0.0,0.0,0.0
R1694,6.4292616e-10,0.0,0.0,0.0,0.0
R1695,1.1253645e-09,4.0024606e-10,0.0,0.0,0.0
R1697,2.1301994e-09,1.5137496e-09,5.570051e-10,0.0,0.0
R1698,6.2003735e-11,0.0,0.0,0.0,0.0
R1699,1.711991e-09,1.4603816e-09,5.6687877e-10,0.0,0.0
R170,2.019359,2.019959,2.0190003,2.018342,2.019075
R1700,7.938037e-10,4.0713655e-10,6.2755134e-11,0.0,0.0
R1701,0.0,0.0,0.0,0.0,0.0
R1702,2.3299238e-09,2.5478142e-09,2.6222122e-09,2.7814897e-09,2.6436346e-09
R1703,1.4105588e-09,9.602714e-10,8.2976426e-10,2.4693092e-10,0.0
R1704,4.802556e-10,0.0,0.0,0.0,0.0
R1705,0.0,0.0,0.0,0.0,0.0
R1706,1.8452877e-09,1.4278407e-09,6.519105e-10,0.0,0.0
R1707,2.5397233e-09,2.8469116e-09,2.9795744e-09,3.1363774e-09,2.8617269e-09
R1708,0.0,0.0,0.0,0.0,0.0
R1709,1.1890229e-09,9.691412e-10,5.6109184e-10,0.0,0.0
R171,2.0788443,2.0780506,2.0755475,2.0735345,2.0724916
R1710,1.7664892e-10,0.0,0.0,0.0,0.0
R1711,1.55521e-09,1.559187e-09,1.380281e-09,9.752505e-10,0.0
R1712,8.63666e-10,0.0,0.0,0.0,0.0
R1713,1.9973059e-09,1.693162e-09,1.1898389e-09,1.3091306e-10,0.0
R1714,1.0,1.0,1.0,1.0,1.0
R1715,2.0,2.0,2.0,2.0,2.0
R1716,1.0198169,1.0174674,1.01858,1.0207671,1.0205822
R1717,3.021287,3.0198612,3.0165315,3.0131562,3.0085669
R1718,1.0198609,1.01617,1.0139012,1.0113323,1.0082638
R1719,2.0250754,2.0226607,2.0206816,2.0216238,2.02039
R172,2.0,2.0,2.0,2.0,2.0
R1720,2.0,2.0,2.0,2.0,2.0
R1721,2.0275536,2.025053,2.024588,2.0221672,2.0249865
R1722,2.0,2.0,2.0,2.0,2.0
R1723,1.0249166,1.0254214,1.0229313,1.0172504,1.0116116
R1724,1.0055552,1.0000068,1.0006179,0.9793707,0.42612088
R1725,2.069819,2.0719867,2.0749705,2.0320625,1.4718093
R1726,2.0146232,2.014535,2.0138085,2.017303,2.0200725
R1727,1.017578,1.0106219,1.0023489,0.99673665,0.9924972
R1728,2.0678453,2.0705657,2.0720916,2.0729942,2.070249
R1729,2.0,2.0,2.0,2.0,2.0
R173,2.0,2.0,2.0,2.0,2.0
R1730,1.0244784,1.0288273,1.0300164,1.026655,1.0227447
R1731,0.0,0.0,0.0,0.0,0.0
R1732,1.0921346e-09,6.042691e-10,0.0,0.0,0.0
R1733,1.2936141e-10,0.0,0.0,0.0,0.0
R1734,0.0,0.0,0.0,0.0,0.0
R1735,0.0,0.0,0.0,0.0,0.0
R1736,1.3044064e-09,3.465761e-10,0.0,0.0,0.0
R1737,7.768073e-10,0.0,0.0,0.0,0.0
R1738,1.9180728e-09,2.0023996e-09,1.4463222e-09,6.606191e-10,0.0
R1739,1.4261476e-09,2.3912028e-09,2.1797009e-09,1.4893953e-09,9.0346797e-10
R174,2.0,2.0,2.0,2.0,2.0
R1740,1.4767487e-09,1.1077896e-09,1.854028e-11,0.0,0.0
R1745,2.8065712e-09,2.3753128e-09,1.7938055e-09,9.419381e-10,0.0
R1748,1.3918553e-09,1.2064794e-09,4.902394e-10,0.0,0.0
R175,2.1356347,2.135405,2.1324723,2.1287496,2.1188397
R1750,8.4687923e-10,1.902154e-10,0.0,0.0,0.0
R1751,1.5675279e-09,1.3761481e-10,0.0,0.0,0.0
R1752,0.0,0.0,0.0,0.0,0.0
R1757,2.57013e-09,2.795951e-09,2.9301925e-09,3.281969e-09,3.0997982e-09
R176,3.0,3.0,3.0,3.0,3.0
R1762,1.0062693,1.0069709,1.0071247,1.0076885,1.0083923
R1763,3.0,3.0,3.0,3.0,3.0
R1764,1.0035533,1.0038012,1.003939,1.0041448,1.0038996
R1765,3.0013468,3.0012593,3.0012407,3.001212,3.0012097
R1766,4.0,4.0,4.0,4.0,4.0
R1767,0.0025185943,0.0035460591,0.0039640665,0.004550636,0.0036609173
R1768,0.99921054,0.99946165,0.9996789,0.9999013,1.0008276
R1769,0.005148709,0.005070567,0.0053557158,0.005624503,0.0023568273
R177,1.0,1.0,1.0,1.0,1.0
R1770,1.0103321,1.0022609,0.996803,0.99735653,0.99803627
R1771,2.0,2.0,2.0,2.0,2.0
R1772,0.9923768,0.9933905,0.9935254,0.99371964,0.99430144
R1773,0.99759567,0.9963282,0.9919276,0.9896356,0.9844382
R1774,1.0047929,1.004735,1.0055147,1.0060903,1.0026164
R1775,0.0019593239,0.004809797,0.0,0.0,0.0
R1776,1.002924,1.0027249,1.003308,1.0046694,1.0056481
R1777,5.0,5.0,5.0,5.0,5.0
R1778,0.0034896731,0.0028100014,0.002245009,0.0018979907,0.0018690228
R1779,3.9968803,3.996803,3.994504,3.9907906,3.9883115
R178,2.0788627,2.080515,2.0833533,2.0832114,2.0811014
R1780,3.0,3.0,3.0,3.0,3.0
R1781,0.9985666,0.9965222,0.9961637,0.99890506,1.0049921
R1782,0.0,0.0,0.0,0.0012333393,0.0029088259
R1783,5.0,5.0,5.0,5.0,5.0
R1784,0.0012225509,0.0008557439,0.0020653605,0.0025939345,0.0031148195
R1785,4.0,4.0,4.0,4.0,4.0
R1786,5.0,5.0,5.0,5.0,5.0
R1787,1.0024881,1.0026841,1.0025913,1.0031106,1.0025684
R1788,3.0035853,3.0036283,3.003859,3.003886,3.0044277
R1789,0.005746484,0.005413711,0.0051087737,0.004987836,0.005176544
R179,0.0132007,0.012080133,0.011557043,0.010984063,0.01059103
R1790,0.0043027997,0.0043584704,0.0038983822,0.0033279657,0.0027005076
R1791,5.0,5.0,5.0,5.0,5.0
R1792,1.0031209,1.0024943,1.0022342,1.0021877,1.0031226
R1793,0.99683475,0.99742997,0.9977587,0.9979744,0.9964334
R1794,1.0072571,1.0048957,1.0002824,0.9991193,0.999228
R1795,0.0,0.0,0.0,0.0,0.0
R1796,0.0,0.0,0.0,0.0,0.0
R1799,0.0,0.0,0.0,0.0,0.0
R18,4.3797943e-10,8.8713725e-10,0.0,0.0,0.0
R180,2.0206733,2.015974,2.0124865,2.0109773,2.010182
R1800,1.2625769e-09,5.6739236e-10,6.490142e-11,0.0,0.0
R1801,7.6405304e-10,4.721459e-10,0.0,0.0,0.0
R1802,8.170642e-10,0.0,0.0,0.0,0.0
R1804,0.006885767,0.006516576,0.0066939592,0.00860095,0.0107239485
R1805,0.0,0.0,0.0,0.0,0.0
R1806,2.0882496e-10,0.0,0.0,0.0,0.0
R1809,1.203466e-09,6.0910965e-10,0.0,0.0,0.0
R181,2.0701752,2.0736332,2.073672,2.0712423,2.065007
R1810,0.0,0.0,0.0,0.0028845072,0.0068444014
R1811,0.99977154,1.0002213,1.0003003,1.0003344,1.0004575
R1812,6.8489303e-10,1.0647159e-09,9.188681e-10,9.358674e-10,3.524394e-10
R1813,1.1771912e-09,0.0,0.0,0.0,0.0
R1815,0.0,0.0,0.0,0.0,0.0016986728
R1816,5.912044e-10,0.0,0.0,0.0,0.0
R1817,0.00016906857,0.00088247657,0.0010564029,0.0009019375,0.0010354221
R1819,0.0,0.0,0.0,0.0,0.0
R182,1.0,1.0,1.0,1.0,1.0
R1820,2.5471492e-09,2.5732327e-09,2.327123e-09,1.3904082e-09,0.0
R1821,0.0,0.0,0.0,0.0,0.0
R1822,0.00043866038,0.0,0.0,0.0,0.0
R1823,0.0,0.0,0.0,0.0,0.0
R1824,3.6623016e-10,0.0,0.0,0.0,0.0
R1826,1.2116261e-09,8.8939633e-10,2.9698555e-10,0.0,0.0
R1827,9.112355e-11,0.0,0.0,0.0,0.0
R1828,1.5271353e-09,1.4823964e-09,8.2793905e-10,0.0,0.0
R1829,1.3995658e-09,9.173029e-10,0.0,0.0,0.0
R183,0.0018992126,0.0011615157,0.0,0.0,0.0010409653
R1831,0.001437813,0.000101953745,0.0,0.0,0.0
R1832,0.0,0.0,0.0,0.0,0.0
R1836,2.1505813e-09,1.8854927e-09,6.122769e-10,0.0,0.0
R1839,1.0,1.0,1.0,1.0,1.0
R1840,0.0,0.0,0.0,0.0,0.0
R1841,8.84401e-10,1.4054184e-09,1.0185182e-09,7.9814644e-10,1.2797319e-11
R1843,0.0,0.0,0.0,0.0,0.0
R1844,0.0,0.0,0.0,0.0,0.0
R1845,1.5806911e-10,0.0,0.0,0.0,0.0
R1846,2.3719826e-10,0.0,0.0,0.0,0.0
R1848,2.5602778e-09,2.5968308e-09,2.3617206e-09,1.4380261e-09,0.0
R1849,6.842167e-10,1.5354473e-10,3.452434e-10,1.8164314e-10,0.0
R185,2.0694714,2.0735776,2.0756829,2.0769277,2.0743165
R1851,0.005466521,0.0031306446,0.0,0.0,0.0008998811
R1852,0.0,0.0,0.0,0.0,0.0
R1853,8.646881e-10,5.7526073e-10,1.2959989e-10,0.0,0.0
R1854,0.0,0.0,0.0,0.0,0.0
R1855,2.4634246e-09,2.3949798e-09,1.1091936e-09,0.0,0.0
R1856,3.527343e-10,0.0,0.0,0.0,0.0
R1858,1.903796e-09,1.456383e-09,7.590941e-10,0.0,0.0
R186,0.99878764,1.0008141,0.998337,0.9981017,0.9970753
R1860,2.0166824e-09,1.240352e-09,0.0,0.0,0.0
R1862,0.0,0.0,0.0,0.0,0.0
R1863,0.0,0.0,0.0,0.0,0.0
R1864,1.9052049e-10,4.408589e-10,4.5149218e-10,6.5003647e-10,5.493206e-11
R1865,4.3153596e-09,0.0,0.0,0.0,0.0
R1866,0.0,0.0,0.0,0.0,0.0
R1869,6.592975e-10,0.0,0.0,0.0,0.0
R187,3.0,3.0,3.0,3.0,3.0
R1871,2.1162361e-10,4.4102544e-10,4.5015547e-10,6.665708e-10,3.2228442e-11
R1872,1.6890382e-09,1.5075658e-09,1.0303138e-09,9.0998675e-10,3.3555914e-10
R1874,2.274714e-09,1.7880954e-09,1.1417729e-09,1.8099211e-10,0.0
R1875,0.0,0.0,0.0,0.0,0.0
R1877,2.9978153e-10,5.5802296e-10,5.743477e-10,7.7671114e-10,1.8312107e-10
R1878,7.241192e-10,0.0,0.0,0.0,0.0
R1879,0.0,0.0,0.0,0.0,0.0
R188,0.99479187,0.99116856,0.98678106,0.97995716,0.9685348
R1880,2.9212406e-09,2.9242857e-09,2.2537172e-09,3.5869263e-10,0.0
R1881,0.0,0.0,0.0,0.0,0.0
R1882,5.752978e-10,0.0,0.0,0.0,0.0
R1887,0.0,0.0,0.0,0.0,0.0
R1888,0.0,0.0,0.0,0.0,0.0
R189,2.1208572,2.1236615,2.120491,2.1099887,2.0990083
R1891,1.9511177e-09,1.3913366e-09,5.1054405e-10,0.0,0.0
R1892,4.884455e-10,0.0,0.0,0.0,0.0
R1895,5.0870486e-10,4.1355008e-10,1.3888002e-11,0.0,0.0
R1898,0.0,0.0,0.0,0.0,0.0
R19,4.619647e-10,0.0,0.0,0.0,0.0
R190,1.9993036,1.9966599,1.9955642,1.9960268,1.9968102
R1903,6.120142e-10,0.0,0.0,0.0,0.0
R1904,1.7113031e-09,0.0,0.0,0.0,0.0
R1905,2.4496893e-09,2.2965496e-09,1.0816135e-09,0.0,0.0
R1908,9.2249364e-10,1.7352257e-09,1.8975506e-09,1.652642e-09,1.0536922e-09
R1909,0.0,0.0,0.0,0.0,0.0
R191,0.9912051,0.9936762,0.9940112,0.9929077,0.99113697
R1910,0.0,0.0,0.0,0.0,0.0
R1911,0.0,0.0,0.0,0.0,0.0
R1913,1.7218118e-09,1.486457e-09,9.9811e-10,0.0,0.0
R1915,6.4088646e-10,2.3159696e-10,0.0,0.0,0.0
R1916,2.9128078e-10,0.0,0.0,0.0,0.0
R1917,0.0,0.0,0.0,0.0,0.0
R1918,0.0,0.0,0.0,0.0,0.0
R1919,2.1087123e-09,1.0656978e-09,0.0,0.0,0.0
R192,2.0796847,2.085169,2.0855196,2.0861359,2.0840976
R1920,1.1638139e-09,4.4109116e-10,0.0,0.0,0.0
R1921,2.8320826e-09,4.212125e-09,5.1173252e-09,4.362833e-09,0.0
R1923,2.3383615e-09,3.186992e-09,3.8021364e-09,4.9456164e-09,6.1134786e-09
R1924,0.0,0.0,0.0,0.0,0.0
R1925,2.387054e-09,2.7990952e-09,2.5284286e-09,2.0292705e-09,1.3840773e-09
R1926,4.266445e-10,6.42181e-10,6.4424377e-10,8.0724316e-10,0.0
R1927,0.0,0.0,3.8787507e-10,8.8194296e-10,6.362262e-10
R1928,2.849574e-10,5.3231375e-10,5.452936e-10,7.5409456e-10,1.6451995e-10
R1929,5.8025007e-10,5.157923e-10,2.7428726e-11,0.0,0.0
R193,2.0,2.0,2.0,2.0,2.0
R1930,5.171459e-10,9.643482e-10,1.4043593e-09,2.3142888e-09,3.2833984e-09
R1931,9.1748764e-10,0.0,0.0,0.0,0.0
R1932,0.0,0.0,0.0,0.0,0.0
R1933,3.5563597e-10,0.0,0.0,0.0,0.0
R1934,0.0,7.6305495e-10,1.0886665e-09,1.186605e-09,1.1732282e-09
R1936,2.2563196e-10,0.0,0.0,0.0,0.0
R1937,0.0,0.0,0.0,0.0,0.0
R1938,1.3552128e-09,1.9203776e-09,2.4431372e-09,2.234294e-09,1.3719905e-09
R1939,1.8357174e-09,1.5965449e-09,1.0255914e-09,9.499246e-11,0.0
R194,3.0,3.0,3.0,3.0,3.0
R1940,3.9709436e-10,1.9288393e-10,0.0,0.0,0.0
R1941,0.0,0.0,0.0,0.0,0.0
R1942,0.0,0.0,0.0,0.0,0.0
R1945,4.1345007e-09,4.2669948e-09,4.251258e-09,3.494188e-09,2.343775e-09
R1946,1.1151817e-09,7.539871e-10,2.1954616e-10,0.0,0.0
R1947,7.719243e-10,0.0,0.0,0.0,0.0
R1948,0.0,0.0,0.0,0.0,0.0
R1949,4.155436e-10,0.0,0.0,0.0,0.0
R195,1.009038,1.009693,1.0047482,1.000912,0.9998709
R1950,4.0625845e-09,2.573041e-09,0.0,0.0,0.0
R1951,0.0,0.0,0.0,0.0,0.0
R1953,0.0,0.0,0.0,0.0,0.0
R1955,0.0,0.0,0.0,0.0,0.0
R1956,0.0,0.0,0.0,0.0,0.0
R1957,1.0,1.0,1.0,1.0,1.0
R1959,2.0041304,2.0024524,1.999125,1.9982272,1.9987025
R196,0.9895381,0.99272364,0.99240255,0.98884255,0.97795576
R1960,0.004987538,0.0050525665,0.004816234,0.0049653053,0.004996419
R1961,2.0006447,2.001039,2.001293,2.0015965,2.0019126
R1962,0.0,0.0,0.0,0.0,0.0
R1963,0.025332987,0.02464217,0.023781896,0.02240628,0.020798266
R1964,0.0014060922,0.0016358346,0.0015880652,0.0012469515,0.0012876168
R1966,2.0,2.0,2.0,2.0,2.0
R1968,0.008351773,0.007327527,0.0014841259,0.0,0.0
R1969,0.0062077045,0.0073128343,0.00695771,0.0069774985,0.0065297484
R197,2.0,2.0,2.0,2.0,2.0
R1970,1.9983151,1.9979897,1.9964901,1.996037,1.9969816
R1971,3.9827164e-10,0.0,0.0,0.0,0.0
R1972,1.0167544,1.0164342,1.0169411,1.01802,1.0147821
R1973,0.015457094,0.015034378,0.014939249,0.013801992,0.013610184
R1974,0.010905892,0.0041918457,0.0,0.0,0.0
R1975,1.6241692e-09,1.309068e-09,1.0695878e-09,3.5639136e-10,0.0
R1976,0.0,0.0,0.0,0.0,0.0
R1977,0.99704915,0.9974145,0.99621636,0.99429435,0.9910083
R1978,0.0012521595,0.0012415685,0.0014887489,0.0014188886,0.001537595
R1979,0.0013428256,0.0011683553,0.0010244288,0.0008558892,0.0006365068
R198,2.0668287,2.0710177,2.068596,2.0632837,2.0556784
R1980,0.0019739754,0.001981467,0.0019885525,0.0017876476,0.0014520697
R1981,2.0000365,1.9998904,1.9996862,2.0002046,2.0004327
R1982,0.0016275682,0.0016520508,0.0013954192,0.0008025244,2.7421862e-05
R1983,0.003978431,0.0035649538,0.0033513904,0.0034130812,0.0031868815
R1984,0.016278386,0.0153390765,0.0142944455,0.013798535,0.014802873
R1985,0.004810095,0.0051000714,0.005001366,0.005020857,0.004403472
R1986,0.0,0.0,0.0,0.0,0.0
R1987,0.016133785,0.016105413,0.017297924,0.016651332,0.017119646
R1988,1.0073701,1.0040535,1.0005864,0.99994457,0.9999199
R1989,0.0058834553,0.0054766536,0.0049072504,0.0047062635,0.00513041
R199,3.0,3.0,3.0,3.0,3.0
R1990,2.0,2.0,2.0,2.0,2.0
R1991,2.0058613,2.0043817,2.00039,2.0014637,2.0048594
R1992,2.0,2.0,2.0,2.0,2.0
R1994,1.0135207,1.0132964,1.0134716,1.013716,1.0136662
R1995,6.71315e-10,0.0,0.0,0.0,0.0
R1996,2.0,2.0,2.0,2.0,2.0
R1998,1.0147946,1.0133709,1.0132406,1.0129101,1.0129967
R1999,1.2394972e-09,9.469852e-10,7.828316e-11,0.0,0.0
R2,0.0,0.0,0.0,0.0,0.0
R20,1.1529133e-10,0.0,0.0,0.0,0.0
R200,2.078388,2.0867245,2.0870285,2.087218,2.083908
R2000,0.011821926,0.0116637945,0.010989904,0.010795653,0.011070132
R2001,0.0026059747,0.0029155612,0.0035626292,0.0038332343,0.0043002367
R2002,2.4673064e-10,0.0,0.0,0.0,0.0
R2003,2.1871647e-09,2.4591822e-09,1.7432682e-09,3.9731374e-10,0.0
R2004,2.0,2.0,2.0,2.0,2.0
R2006,1.0119449,1.0031837,0.99738693,0.9984526,0.9987985
R2007,1.0108273,1.0106373,1.0112078,1.0121903,1.0138154
R2008,1.0196445,1.0200717,1.0192028,1.0185943,1.0176582
R2009,0.009533554,0.009749353,0.0061302185,0.0004925728,0.0
R201,2.069728,2.0733175,2.0721889,2.0676694,2.064814
R2011,9.932946e-10,7.5618845e-10,1.9533353e-10,0.0,0.0
R2012,7.7306206e-10,0.0,0.0,0.0,0.0
R2013,0.0,0.0,0.0,0.0,0.0
R2015,2.6985485e-09,3.2545748e-09,3.2266803e-09,2.6461777e-09,1.3004071e-09
R2016,0.0,0.0,0.0,0.0,0.0
R2019,1.6000421e-09,1.7506911e-09,1.903201e-09,1.5951946e-09,4.739791e-10
R202,2.0792623,2.0817075,2.0834224,2.0811274,2.0801585
R2020,0.0,0.0,0.0,0.0,0.0
R2021,0.0,0.0,0.0,0.0,0.0
R2023,2.3865594e-09,2.393057e-09,1.9192208e-09,2.6236657e-10,0.0
R2024,1.9973045e-09,2.4167137e-09,2.2909459e-09,1.7342621e-09,4.8441473e-10
R2026,1.6022048e-09,1.7696125e-09,1.814771e-09,1.4523769e-09,6.2878724e-10
R2028,9.707599e-10,9.305885e-10,6.324139e-10,3.2616576e-11,0.0
R2029,1.8472524e-09,1.8172874e-09,1.6614863e-09,1.3045636e-09,2.2159696e-10
R203,2.1143847,2.118384,2.1231594,2.1228054,2.1203253
R2030,1.1823882e-09,0.0,0.0,0.0,0.0
R2031,1.3678405e-09,2.82542e-10,0.0,0.0,0.0
R2032,8.4866003e-10,3.2458747e-10,0.0,0.0,0.0
R2033,8.334551e-10,0.0,0.0,0.0,0.0
R2034,0.0,0.0,0.0,0.0,0.0
R2035,0.0,0.0,0.0,0.0,0.0
R2038,1.0143757e-09,0.0,0.0,0.0,0.0
R204,3.022199,3.0208719,3.0303,3.039019,3.0399404
R2041,8.35644e-10,5.604752e-10,0.0,0.0,0.0
R2042,1.8451936e-09,2.3104554e-09,2.2334807e-09,1.6720012e-09,3.7504266e-10
R2043,7.923129e-11,0.0,0.0,0.0,0.0
R2044,0.0,0.0,0.0,0.0,0.0
R2047,1.2274091e-09,6.5338157e-10,0.0,0.0,0.0
R2048,1.4772903e-09,4.0395065e-10,0.0,0.0,0.0
R205,1.0059563,1.0026908,0.9987525,0.9991531,0.99805415
R2050,1.1559802e-09,7.8013174e-10,0.0,0.0,0.0
R2052,9.818022e-10,9.5893e-10,4.304468e-10,0.0,0.0
R2055,1.7434674e-09,2.2593978e-09,2.1705726e-09,1.5569921e-09,1.6396129e-10
R2057,1.3604564e-09,1.0496302e-09,5.373657e-10,0.0,0.0
R2058,1.0538148e-09,7.7326945e-10,6.3768546e-11,0.0,0.0
R2059,1.8184891e-09,2.1702073e-09,1.9891873e-09,1.4062067e-09,1.4073631e-10
R206,2.0813615,2.0868454,2.0932076,2.0801659,1.9554273
R2063,1.3537353e-09,1.7959523e-09,1.4618455e-09,1.1767551e-09,4.6397775e-10
R2064,3.1113245e-10,0.0,0.0,0.0,0.0
R2065,2.5816984e-09,2.3249571e-09,1.7589423e-09,3.036309e-10,0.0
R2066,1.5722397e-09,2.2688873e-10,0.0,0.0,0.0
R2067,5.124636e-10,0.0,0.0,0.0,0.0
R2068,1.0664516e-09,1.0047372e-09,6.5205796e-10,0.0,0.0
R207,2.0662124,2.067985,2.0638223,2.057969,2.0502768
R2070,1.4224635e-09,1.1488028e-09,4.0412917e-10,0.0,0.0
R2071,2.352627e-09,2.2279945e-09,1.5717689e-09,1.0731407e-09,6.8594375e-10
R2072,6.372305e-10,0.0,0.0,0.0,0.0
R2073,7.0639916e-10,0.0,0.0,0.0,0.0
R2074,9.963181e-10,0.0,0.0,0.0,0.0
R2077,1.8136044e-09,1.6966044e-09,1.2908499e-09,3.0823344e-10,0.0
R2078,1.7923036e-09,2.0630695e-09,2.3200615e-09,2.0876567e-09,1.3750068e-09
R2079,1.9070145e-09,2.1880837e-09,2.024961e-09,1.4989294e-09,2.6719338e-10
R208,2.0762062,2.0776477,2.0775418,2.074903,2.0725286
R2081,0.0,0.0,0.0,0.0,0.0
R2083,1.0892358e-09,7.992291e-10,1.3850743e-10,0.0,0.0
R2084,2.7381843e-09,2.311936e-09,6.0796745e-10,0.0,0.0
R2085,1.4927792e-10,0.0,0.0,0.0,0.0
R2088,0.0,0.0,0.0,0.0,0.0
R2089,1.9958564e-09,1.1525025e-09,0.0,0.0,0.0
R209,2.0274913,2.0263102,2.027104,2.020788,2.0147312
R2090,2.1162332e-09,2.564787e-09,2.4788906e-09,1.9548803e-09,7.1762907e-10
R2094,2.6062708e-10,0.0,0.0,0.0,0.0
R2095,0.0,0.0,0.0,0.0,0.0
R2096,0.0,0.0,0.0,0.0,0.0
R2097,1.885105e-09,2.3221924e-09,2.4880167e-09,2.1791582e-09,1.3803265e-09
R2099,1.0120447,0.9961585,0.9250883,0.34837833,0.007851064
R21,0.0,0.0,0.0,0.0,0.0
R210,2.0,2.0,2.0,2.0,2.0
R2101,0.9954938,0.99002963,0.98782396,0.9889012,0.9904227
R2102,1.0399902,1.0373478,1.0362579,1.0327264,1.0274363
R2103,0.99086714,0.98557734,0.9809136,0.9763905,0.97191525
R2105,0.9640027,0.9269572,0.6048521,0.015491389,0.0
R2106,0.9906194,0.9900312,0.98838025,0.9907393,1.0032027
R2109,0.0,0.0,0.0,0.0,0.0
R211,1.0,1.0,1.0,1.0,1.0
R2110,0.97553587,0.96892065,0.96702915,0.9646211,0.96056086
R2111,9.897616e-10,0.0,0.0,0.0,0.0
R2113,4.4911008e-10,0.0,0.0,0.0,0.0
R2114,0.0,0.0,0.0,0.0,0.0
R2117,0.97418237,0.9692073,0.96375436,0.955257,0.9558082
R2119,0.9815111,0.98124665,0.98038906,0.9856012,0.9545503
R212,0.013748884,0.01277566,0.012605786,0.012941599,0.0125104785
R2120,0.98486257,0.9835201,0.9850737,0.98346776,0.980562
R2121,1.0106606,1.0087999,1.0079212,1.007763,1.0061084
R2122,9.702528e-10,5.417413e-10,1.3960166e-10,0.0,0.0
R2123,5.8460503e-10,3.511591e-10,7.849854e-11,0.0,0.0
R2125,1.0692421,1.0703692,1.0692505,1.0682759,1.0694909
R2126,1.0868495,1.0929315,1.0962604,1.0931622,1.0901887
R2127,7.494132e-10,1.5203856e-09,2.1315931e-09,3.0825955e-09,3.448053e-09
R213,4.0638723,4.0626855,4.060614,4.0613804,4.0574803
R2130,0.0,0.0,0.0,0.0,0.0
R2131,1.4991728e-09,1.3133392e-09,8.889445e-10,1.4933121e-10,0.0
R2133,1.0275158,1.0094635,0.9022682,0.21421312,0.0
R2134,1.0006789,1.0036515,1.0089672,1.0123384,1.0066061
R2135,0.9773716,0.970343,0.82160485,0.22585958,0.0
R2138,0.005819395,0.0062568933,0.0,0.0,0.0
R2139,0.98731005,0.985346,0.98589873,0.9837156,0.9820234
R214,0.99808156,0.99879426,0.99886334,0.998029,0.99700594
R2141,9.2088714e-10,3.3887027e-10,5.555527e-10,1.3862245e-10,0.0
R2144,1.0005101,1.0030354,1.0069064,1.0092317,1.0109258
R2149,1.0355177,1.0362437,1.0306637,1.0222449,0.9407161
R215,2.0822597,2.0847597,2.086619,2.0840523,2.0824728
R2154,1.0013579,1.0015062,1.0012966,1.0020566,1.001019
R2155,2.0637224,2.0588474,2.0619023,2.0562084,2.0454206
R2156,1.9938275,1.8832855,1.7112837,1.6427319,1.5879369
R2157,1.0730513,1.0212032,0.5739644,0.021534175,0.0
R216,1.0,1.0,1.0,1.0,1.0
R2162,0.961137,0.90777534,0.48569006,0.033916257,0.0
R2166,2.4081666e-09,2.3138416e-09,1.897451e-09,1.1238916e-09,0.0
R2167,1.0004679,1.0016483,1.0008552,1.0039763,1.0073109
R2168,0.0,0.0,0.0,0.0,0.0
R217,4.0,4.0,4.0,4.0,4.0
R2172,0.9792816,0.9767418,0.97940075,0.9825754,0.9854379
R2173,0.986961,0.96892405,0.9058421,0.4308716,0.0
R2174,0.94418716,0.95044816,0.94214445,0.9366563,0.931792
R2175,3.0,3.0,3.0,3.0,3.0
R2176,3.0,3.0,3.0,3.0,3.0
R2177,3.0,3.0,3.0,3.0,3.0
R2178,2.0,2.0,2.0,2.0,2.0
R2179,2.0635276,2.0625942,2.063353,2.0634453,2.063599
R218,1.0,1.0,1.0,1.0,1.0
R2180,3.060794,3.0654006,3.069425,3.0730724,3.0765285
R2181,3.0,3.0,3.0,3.0,3.0
R2182,2.0777967,2.0764866,2.0776613,2.0799074,2.0815997
R2183,4.0,4.0,4.0,4.0,4.0
R2184,3.0584252,3.0624354,3.0641396,3.0669446,3.069856
R2185,3.0,3.0,3.0,3.0,3.0
R2186,3.0,3.0,3.0,3.0,3.0
R2187,3.0,3.0,3.0,3.0,3.0
R2188,3.0,3.0,3.0,3.0,3.0
R2189,3.0,3.0,3.0,3.0,3.0
R219,5.0,5.0,5.0,5.0,5.0
R2190,3.0621483,3.0637343,3.0680919,3.0711837,3.074338
R2191,3.0,3.0,3.0,3.0,3.0
R2192,3.0,3.0,3.0,3.0,3.0
R2193,3.0,3.0,3.0,3.0,3.0
R2194,3.0687141,3.068155,3.068593,3.0688055,3.070263
R2195,2.057083,2.0603876,2.0626068,2.065224,2.0681186
R2196,2.997239,2.9975965,2.9971356,2.9950297,2.9917068
R2197,4.0,4.0,4.0,4.0,4.0
R2198,3.0,3.0,3.0,3.0,3.0
R2199,2.0,2.0,2.0,2.0,2.0
R220,0.9781832,0.96804416,0.9609261,0.96046,0.95676136
R2200,2.0526211,2.0557065,2.0578983,2.0607457,2.0641048
R2201,2.0637002,2.0636027,2.0655503,2.0689204,2.072519
R2202,3.0,3.0,3.0,3.0,3.0
R2203,2.0,2.0,2.0,2.0,2.0
R2204,1.0602391,1.0619667,1.0656819,1.0694484,1.0744646
R2205,1.056744,1.0570278,1.0580639,1.0602431,1.0643251
R2206,1.0633762,1.0638709,1.0650742,1.0688074,1.0713878
R2207,3.0,3.0,3.0,3.0,3.0
R2208,2.0545568,2.0565782,2.059792,2.0635164,2.0674987
R2209,3.0,3.0,3.0,3.0,3.0
R221,0.99635845,0.9971001,0.994947,0.9915782,0.98779434
R2210,2.0528138,2.0587077,2.0633767,2.0673826,2.071838
R2211,1.9954711e-09,2.205502e-09,2.278652e-09,2.1039703e-09,5.1874816e-10
R2212,1.9246378e-09,1.6813959e-09,8.9260177e-10,0.0,0.0
R2213,8.851724e-10,8.06363e-10,4.4755177e-10,0.0,0.0
R2214,5.7463856e-10,4.0445824e-10,1.5687895e-11,0.0,0.0
R2215,2.135896e-09,1.8583521e-09,1.200033e-09,3.716778e-10,0.0
R2217,2.1875768e-09,1.842992e-09,1.1891617e-09,0.0,0.0
R2218,2.9525715e-10,0.0,0.0,0.0,0.0
R222,0.003981352,0.0036981702,0.003712654,0.0045158267,0.0054841638
R2220,1.7569766e-09,1.1475201e-09,7.969736e-10,4.572791e-10,0.0
R2221,2.120929e-09,1.3450787e-09,3.543814e-10,0.0,0.0
R2222,1.4324766e-09,1.3231445e-09,1.0194152e-09,4.5199666e-10,0.0
R2224,0.0,0.0,0.0,0.0,0.0
R2225,2.7342963e-09,2.9570422e-09,3.0616798e-09,3.4722705e-09,3.3447276e-09
R2226,0.0,0.0,0.0,0.0,0.0
R2227,1.4290076e-09,1.0102459e-09,1.06530784e-10,0.0,0.0
R2228,1.0209569e-09,6.1532823e-10,0.0,0.0,0.0
R2229,2.0238515e-09,1.9174677e-09,1.3410641e-09,6.4447647e-10,0.0
R223,1.0,1.0,1.0,1.0,1.0
R2230,0.0,0.0,0.0,0.0,0.0
R2231,2.1071942e-09,1.6971986e-09,7.271872e-10,0.0,0.0
R2232,7.1933215e-10,0.0,0.0,0.0,0.0
R2233,2.4533762e-09,2.5367897e-09,2.3250646e-09,1.9481474e-09,9.0716057e-10
R2234,0.0,0.0,0.0,0.0,0.0
R2235,0.0,0.0,0.0,0.0,0.0
R2236,1.8560544e-09,1.5086441e-09,9.61274e-10,0.0,0.0
R2237,1.4902524e-09,8.6941254e-10,2.0335733e-11,0.0,0.0
R2238,8.558838e-10,0.0,0.0,0.0,0.0
R2239,1.0652004e-09,0.0,0.0,0.0,0.0
R224,4.0,4.0,4.0,4.0,4.0
R2240,1.2057133e-09,8.2591867e-10,2.91295e-10,0.0,0.0
R2241,2.4237432e-09,2.1977522e-09,1.6639694e-09,2.4254732e-10,0.0
R2242,8.334711e-11,0.0,0.0,0.0,0.0
R2243,1.36019e-09,1.4043202e-09,1.2914543e-09,8.8819796e-10,5.141416e-10
R2244,2.2873259e-10,0.0,0.0,0.0,0.0
R2247,1.3618839e-09,1.2879393e-09,8.2991414e-10,7.6529894e-11,0.0
R225,0.0023269877,0.0024133958,0.0024651363,0.002497483,0.0023877323
R2250,5.8027516e-10,0.0,0.0,0.0,0.0
R2251,0.0,0.0,0.0,0.0,0.0
R2252,0.0,0.0,0.0,0.0,0.0
R2253,1.8911053e-09,2.4320148e-09,2.445301e-09,1.9968796e-09,8.1411544e-10
R2254,2.728533e-10,0.0,0.0,0.0,0.0
R2257,2.172289e-10,0.0,0.0,0.0,0.0
R2259,8.4534113e-10,0.0,0.0,0.0,0.0
R226,1.9980018,1.9969366,1.9957323,1.9956787,1.9973465
R2260,1.3594681e-09,2.9911185e-11,0.0,0.0,0.0
R2263,2.7166458e-09,2.9321048e-09,2.8963827e-09,2.4004967e-09,8.641359e-10
R2265,1.2313808e-09,1.6855894e-10,0.0,0.0,0.0
R2266,3.9178167e-09,4.21759e-09,3.560738e-09,2.6930735e-09,0.0
R2267,0.0,0.0,0.0,0.0,0.0
R2269,1.2564678e-09,6.564689e-10,6.565504e-11,0.0,0.0
R227,4.0,4.0,4.0,4.0,4.0
R2270,4.256222e-10,0.0,0.0,0.0,0.0
R2271,6.488514e-10,2.8803004e-10,0.0,0.0,0.0
R2272,8.763874e-10,1.3676837e-10,0.0,0.0,0.0
R2273,0.0,0.0,0.0,0.0,0.0
R2275,3.4500225e-10,1.2051515e-10,0.0,0.0,0.0
R2278,1.934028e-09,1.5514594e-09,1.6231332e-09,1.5513553e-09,9.854295e-10
R2279,1.2537664e-09,2.6602542e-10,0.0,0.0,0.0
R228,4.0,4.0,4.0,4.0,4.0
R2280,0.0,0.0,0.0,0.0,0.0
R2281,2.1781421e-10,0.0,0.0,0.0,0.0
R2282,1.5169781e-09,1.5304296e-09,9.691696e-10,0.0,0.0
R2283,0.0078089535,0.005090326,0.0015896261,0.0,0.0
R2284,5.580958e-10,0.0,0.0,0.0,0.0
R2285,0.013715804,0.013702214,0.014514744,0.015077889,0.0146353245
R2286,0.006104827,0.002893895,0.0005762577,0.0013588071,0.0019545257
R2287,0.010069668,0.008483231,0.0035974681,0.0,0.0
R2288,6.996337e-10,3.297269e-10,0.0,0.0,0.0
R2289,0.018793285,0.01750058,0.015957117,0.015605807,0.01823634
R229,2.010113,2.005786,2.005663,2.0030599,1.9990562
R2290,2.8173393e-09,3.7298706e-09,4.345579e-09,4.9499045e-09,5.2325655e-09
R2291,1.6577646e-09,1.4686299e-09,9.595957e-10,3.6443293e-11,0.0
R2292,0.012368917,0.012071729,0.012292206,0.013818383,0.013567686
R2293,2.0712898e-10,0.0,0.0,0.0,0.0
R2294,1.6605681e-09,1.2020465e-09,1.7067148e-10,0.0,0.0
R2295,0.0,0.0,0.0,0.0,0.0
R2296,4.5433568e-10,3.648415e-11,0.0,0.0,0.0
R2297,0.012894511,0.0152029395,0.0152673125,0.016030908,0.015915811
R2298,4.8678084e-10,2.6384228e-11,0.0,0.0,0.0
R2299,8.876522e-10,7.2038375e-10,4.7005067e-11,0.0,0.0
R23,0.0,0.0,0.0,0.0,0.0
R230,4.0,4.0,4.0,4.0,4.0
R2300,8.722294e-10,0.0,0.0,0.0,0.0
R2301,2.1042055e-09,1.3594721e-09,1.3890535e-09,8.827792e-10,0.0
R2302,6.135066e-10,4.8282356e-10,2.2397506e-10,0.0,0.0
R2303,9.307277e-10,9.776224e-10,8.1039553e-10,1.9351987e-10,0.0
R2304,2.0051991e-09,2.0090667e-09,2.3861357e-09,2.7926e-09,2.7200748e-09
R2305,6.931522e-10,9.774759e-11,0.0,0.0,0.0
R2306,7.128955e-10,2.0221202e-10,0.0,0.0,0.0
R2307,0.02389431,0.021688104,0.02059567,0.023364902,0.023860693
R2308,0.0,0.0,0.0,0.0,0.0
R2309,0.018784106,0.017592967,0.017228901,0.016976058,0.016800225
R231,4.010924,4.010551,4.0107613,4.0110936,4.0117917
R2310,1.8444988e-09,1.2616788e-09,5.61158e-10,0.0,0.0
R2311,1.3348453e-09,1.4919415e-09,1.3040948e-09,6.3802674e-10,0.0
R2312,6.538903e-11,0.0,0.0,0.0,0.0
R2313,4.7465964e-10,1.0476242e-10,0.0,0.0,0.0
R2314,5.7041483e-11,0.0,0.0,0.0,0.0
R2315,0.0107418895,0.009342104,0.0071141124,0.004535079,0.002132237
R2316,1.4274715e-09,9.187828e-10,0.0,0.0,0.0
R2317,1.5140986e-09,1.6935728e-09,1.5374211e-09,9.0170227e-10,0.0
R2318,1.5332311e-09,6.8119754e-10,0.0,0.0,0.0
R2319,0.0,0.0,0.0,0.0,0.0
R232,1.0,1.0,1.0,1.0,1.0
R2320,1.5401516e-09,1.4435413e-09,6.646692e-10,0.0,0.0
R2321,0.0,0.0,0.0,0.0,0.0
R2322,7.166139e-10,3.0505198e-10,0.0,0.0,0.0
R2323,0.0,0.0,0.0,0.0,0.0
R2324,1.1826411e-09,8.8841645e-10,3.9910386e-10,0.0,0.0
R2325,6.7457306e-10,9.879533e-10,7.384624e-10,4.5225734e-10,0.0
R2326,2.1821567e-09,1.9798918e-09,1.0857e-09,7.495171e-10,0.0
R2327,0.0,0.0,0.0,0.0,0.0
R2328,1.629912e-09,1.694995e-09,1.3582e-09,8.435075e-11,0.0
R2329,1.8427568e-09,1.15784e-09,0.0,0.0,0.0
R233,5.0,5.0,5.0,5.0,5.0
R2330,0.0,0.0,0.0,0.0,0.0
R2331,1.0203838e-10,0.0,0.0,0.0,0.0
R2332,2.5277613e-09,2.773934e-09,2.7576599e-09,2.4440299e-09,1.3552603e-09
R2333,0.0,0.0,0.0,0.0,0.0
R2334,0.00783965,0.004538566,0.0,0.0,0.0
R2335,1.2937043e-09,1.5151036e-10,0.0,0.0,0.0
R2336,1.9966306e-09,1.2952037e-09,5.5644866e-10,0.0,0.0
R2337,9.0303276e-10,2.4063196e-10,0.0,0.0,0.0
R2338,8.9027385e-10,2.3174263e-10,0.0,0.0,0.0
R2339,1.7745043e-09,1.1958705e-09,0.0,0.0,0.0
R234,1.0,1.0,1.0,1.0,1.0
R2340,0.0,0.0,0.0,0.0,0.0
R2341,0.0,0.0,0.0,0.0,0.0
R2342,0.0,0.0,0.0,0.0,0.0
R2343,1.5338442e-09,2.0969582e-09,1.6334303e-09,1.058889e-09,0.0
R2344,0.0,0.0,0.0,0.0,0.0
R2345,2.3008144e-09,2.2770228e-09,1.7922699e-09,1.1718808e-09,0.0
R2346,0.0,0.0,0.0,0.0,0.0
R2347,0.0,0.0,0.0,0.0,0.0
R2348,0.01244992,0.011315405,0.01221472,0.013333917,0.012417555
R2349,0.0,0.0,0.0,0.0,0.0
R235,3.009677,3.0092757,3.0102253,3.010749,3.0118375
R2350,0.020745337,0.01928544,0.017186284,0.015522301,0.01545608
R2351,1.7869952e-09,1.4656967e-09,1.0521042e-09,2.5669156e-10,0.0
R2352,0.016619623,0.015755713,0.015530944,0.015811801,0.016567945
R2353,2.4371558e-09,3.5318655e-09,4.882625e-09,5.053552e-09,3.618016e-09
R2354,2.109882e-09,1.7272936e-09,1.2154815e-09,4.6299453e-10,0.0
R2355,1.0104072,1.0098617,1.01001,1.0105565,1.010471
R2356,1.8483903e-09,1.9069457e-09,1.7803914e-09,1.5211188e-09,6.279275e-10
R2357,0.0,0.0,0.0,0.0,0.0
R2358,0.0,0.0,0.0,0.0,0.0
R2359,8.963028e-10,0.0,0.0,0.0,0.0
R236,2.0,2.0,2.0,2.0,2.0
R2360,0.011322558,0.010820508,0.010922909,0.0114763975,0.010766029
R2361,0.0,0.0,0.0,0.0,0.0
R2362,0.007584214,0.0048660636,0.0012400448,0.0,0.0
R2363,2.355136e-09,2.5414544e-09,2.4763165e-09,1.9872406e-09,4.8661253e-10
R2364,0.0,0.0,0.0,0.0,0.0
R2365,0.0,0.0,0.0,0.0,0.0
R2366,0.0,0.0,0.0,0.0,0.0
R2367,1.7307866e-09,9.999304e-10,2.3516922e-10,0.0,0.0
R2368,2.3053905e-09,2.1931101e-09,1.5281056e-09,6.750218e-10,0.0
R2369,0.0,0.0,0.0,0.0,0.0
R237,2.0,2.0,2.0,2.0,2.0
R2370,2.0131699e-09,1.6415107e-09,1.0421677e-09,0.0,0.0
R2371,2.4060876e-09,2.2596538e-09,1.9054203e-09,1.3486274e-09,1.4501733e-11
R2372,0.0069347024,0.0043562055,0.0002898872,0.0,0.0
R2373,1.3105952e-09,1.3199459e-09,1.1297552e-09,5.412468e-10,0.0
R2374,1.6456896e-09,1.4391923e-09,9.663004e-10,0.0,0.0
R2375,1.9186912e-09,1.8077513e-09,1.2033006e-09,4.424736e-10,0.0
R2376,0.0,0.0,0.0,0.0,0.0
R2377,1.8700987e-09,1.6592949e-10,0.0,0.0,0.0
R2378,0.0,0.0,0.0,0.0,0.0
R2379,1.1480463e-09,4.585976e-10,0.0,0.0,0.0
R238,3.0,3.0,3.0,3.0,3.0
R2380,0.0,0.0,0.0,0.0,0.0
R2381,1.5963448e-09,1.5112562e-09,1.2107522e-09,5.2758753e-10,0.0
R2382,0.014405131,0.0066735446,0.0,0.0,0.0
R2383,4.6297632e-10,0.0,0.0,0.0,0.0
R2384,0.0,0.0,0.0,0.0,0.0
R2385,0.012829721,0.0076802075,0.0,0.0,0.0
R2386,0.012282968,0.0112630725,0.010643303,0.010905921,0.012643933
R2387,1.0110655,1.0104961,1.0107932,1.0111483,1.0117826
R2388,0.0,0.0,0.0,0.0,0.0
R2389,1.079941e-09,3.8858694e-11,0.0,0.0,0.0
R239,3.0026295,3.0028892,3.0026398,3.0025182,3.0017173
R2390,0.0,0.0,0.0,0.0,0.0
R2391,0.0,0.0,0.0,0.0,0.0
R2392,0.0,0.0,0.0,0.0,0.0
R2393,0.0,0.0,0.0,0.0,0.0
R2394,0.010804832,0.012128651,0.011354923,0.011752188,0.012738705
R2396,1.2588119e-09,1.3443326e-09,9.593968e-10,5.5903016e-10,0.0
R2398,6.4289085e-10,0.0,0.0,0.0,0.0
R24,0.0,0.0,0.0,0.0,0.0
R240,1.0002612,1.0001845,1.0006931,1.0009115,1.0000092
R2400,1.3247066e-09,0.0,0.0,0.0,0.0
R2404,0.0,0.0,0.0,0.0,0.0
R2409,1.369036e-09,0.0,0.0,0.0,0.0
R241,1.9994867,1.9974828,1.9956788,1.9957715,1.9964724
R2411,7.7720497e-10,1.0021004e-09,8.5111007e-10,2.480065e-10,0.0
R2412,1.1416148e-09,0.0,0.0,0.0,0.0
R2415,3.9292924e-10,0.0,0.0,0.0,0.0
R242,4.0,4.0,4.0,4.0,4.0
R2424,0.0,0.0,0.0,0.0,0.0
R2425,2.0263142e-09,1.7055204e-09,3.42963e-10,0.0,0.0
R2427,0.0,0.0,0.0,0.0,0.0
R243,5.0,5.0,5.0,5.0,5.0
R2432,1.9240256e-09,2.3461864e-09,2.4834828e-09,2.1829005e-09,1.4218497e-09
R244,3.0087152,3.0102735,3.0095818,3.0101037,3.0115886
R2440,4.898748e-12,0.0,0.0,0.0,0.0
R2443,0.0,0.0,0.0,0.0,0.0
R2448,2.9510439e-10,0.0,0.0,0.0,0.0
R245,2.0000393,1.9972813,1.996458,1.9978555,2.0000472
R2452,0.0,0.0,0.0,0.0,0.0
R2455,0.0,1.052074e-10,0.0,0.0,0.0
R2458,1.673448e-10,0.0,0.0,0.0,0.0
R2459,1.759143e-09,1.3974804e-09,7.353842e-10,0.0,0.0
R246,1.0,1.0,1.0,1.0,1.0
R2466,2.1752022e-10,0.0,0.0,0.0,0.0
R2469,0.0,0.0,0.0,0.0,0.0
R247,1.0026951,1.001337,1.0004201,0.99981296,0.9987792
R2471,1.0919834e-09,0.0,0.0,0.0,0.0
R2478,1.3782797e-10,0.0,0.0,0.0,0.0
R248,9.7122e-10,1.4612525e-09,1.4676398e-09,1.4122574e-09,1.5764101e-09
R2480,0.0,0.0,0.0,0.0,0.0
R2482,1.7980659e-09,1.404274e-09,7.2328143e-10,0.0,0.0
R2483,1.1457877e-09,4.55187e-10,0.0,0.0,0.0
R2484,3.638192e-10,2.7214941e-10,0.0,0.0,0.0
R2487,1.0125114e-09,1.196856e-10,0.0,0.0,0.0
R249,3.0,3.0,3.0,3.0,3.0
R2490,0.0,0.0,0.0,0.0,0.0
R2491,1.6860955e-09,1.95232e-09,1.9367492e-09,1.5233841e-09,6.3530425e-10
R2492,1.729505e-09,2.2504136e-09,1.9821487e-09,1.7242683e-09,1.0999446e-09
R2493,0.0,0.0,0.0,0.0,0.0
R2494,1.147191e-09,8.538359e-10,2.7771296e-10,0.0,0.0
R2495,2.0054102,2.0039964,2.000806,2.0002606,2.0016577
R2496,0.0,0.0,0.0,0.0,0.0
R2497,0.0,0.0,0.0,0.0,0.0
R2498,0.0034464933,0.0032268018,0.002078183,0.0008523166,0.0
R2499,2.8510942e-09,2.477639e-09,1.465744e-09,3.7653702e-10,0.0
R25,2.2504052e-09,1.5627735e-09,1.6448798e-09,1.2053354e-09,4.1158366e-10
R250,5.0,5.0,5.0,5.0,5.0
R2500,0.0,0.0,0.0,1.788445e-10,2.982743e-10
R2501,0.0022211596,0.002223581,0.0016737133,0.0016230978,0.0
R2502,4.3854342e-10,3.0657477e-10,9.710677e-11,4.935887e-10,0.0
R2503,0.0,0.0,0.0,0.0,0.0
R2504,1.4086861e-09,1.3070978e-09,8.9528185e-10,0.0,0.0
R2505,3.0936764e-10,1.388667e-12,0.0,0.0,0.0
R2506,0.0,0.0,0.0,0.0,0.0
R2507,0.0,0.0,0.0,0.0,0.0
R2508,0.0,0.0,0.0,0.0,0.0
R2509,0.0,0.0,0.0,0.0,0.0
R251,1.0,1.0,1.0,1.0,1.0
R2510,2.290103e-09,2.4415665e-09,2.187576e-09,2.307834e-09,1.931857e-09
R2511,2.3766493e-09,2.831596e-09,3.068624e-09,2.7864098e-09,1.9859563e-09
R2512,1.0919813,1.0694416,0.5628734,0.0710268,0.023671746
R2513,0.99104184,0.99360055,0.9951554,0.9980903,0.99959433
R2514,0.0,0.0,0.0,0.0,0.0
R2515,0.0,0.0,0.0,0.0,0.0
R2516,2.5211742e-09,2.3523297e-09,1.4889392e-09,9.4255714e-11,0.0
R2517,0.0,0.0,0.0,0.0,0.0
R2518,7.648313e-10,3.308398e-10,7.2472073e-10,9.685053e-11,0.0
R2519,0.0,0.0,0.0,0.0,0.0
R252,2.0090573,2.0075903,2.0035946,2.0018656,2.0003598
R2520,0.9911769,0.99050504,0.9910202,0.993963,1.0026944
R2521,4.943064e-10,5.727725e-10,3.6364423e-10,3.2226133e-10,0.0
R2522,1.0014725,0.997508,0.9905451,0.98854417,0.98639625
R2523,1.0745955e-09,0.0,0.0,0.0,0.0
R2524,1.0177627,1.0251545,1.0283438,1.0136621,0.99035704
R2525,1.79858e-09,2.5193345e-09,2.335883e-09,0.0,0.0
R2526,0.0,0.0,0.0,0.0,0.0
R2527,0.0,0.0,0.0,0.0,0.0
R2528,6.4979444e-10,0.0,0.0,0.0,0.0
R2529,0.0035323165,0.0031455718,0.002000127,0.00093012676,0.0
R253,2.0,2.0,2.0,2.0,2.0
R2530,1.2173644e-09,8.615775e-10,5.3681193e-10,0.0,0.0
R2531,0.0,0.0,0.0,0.0,0.0
R2532,1.053478e-09,1.1505654e-09,1.2268768e-09,8.652634e-10,0.0
R2533,1.1023879,1.1075331,1.1101854,1.1093047,1.0766859
R2534,0.0,0.0,0.0,0.0,0.0
R2535,4.3016257e-11,0.0,5.659313e-10,5.477814e-10,0.0
R2536,0.0,0.0,0.0,0.0,0.0
R2537,0.0,0.0,0.0,0.0,0.0
R2539,0.0,0.0,0.0,0.0,0.0
R254,0.0,0.0,0.0,0.0,0.0
R2540,0.0,0.0,0.0,0.0,0.0
R2541,0.0,0.0,0.0,0.0,0.0
R2542,9.319852e-10,6.247891e-12,0.0,0.0,0.0
R2543,0.0,0.0,0.0,0.0,0.0
R2544,0.003979981,0.00025087595,0.0,0.00056007504,0.008380502
R2545,0.0014801212,0.0015587881,0.00097029284,0.0010463707,0.0
R2546,8.758898e-10,5.5563243e-10,0.0,0.0,0.0
R2547,0.0,0.0,0.0,0.0,0.0
R2548,0.0,0.0,0.0,0.0,0.0
R2549,8.9131946e-10,8.2679574e-10,3.7604497e-10,0.0,0.0
R255,2.9945822,2.989816,2.9835577,2.97863,2.9741154
R2551,0.0,0.0,0.0,0.0,0.0
R2552,0.0,0.0,0.0,0.0,0.0
R2553,1.3266839e-09,7.643952e-10,0.0,0.0,0.0
R2554,1.0043654,1.005167,1.0036287,1.0033098,1.0041705
R2555,0.0,0.0,0.0,0.0,0.0
R2556,0.0,0.0,0.0,0.0,0.0
R2557,2.6613824e-09,2.6951865e-09,1.8303581e-09,2.7620484e-10,0.0
R2558,2.2198634e-09,1.847746e-09,1.3776926e-09,7.2061557e-10,0.0
R2559,2.1372946e-09,2.0091075e-09,1.6274262e-09,8.81603e-10,0.0
R256,5.0,5.0,5.0,5.0,5.0
R2560,0.007288158,0.004699379,0.00046232343,0.0,0.0
R2561,0.0,0.0,0.0,0.0,0.0
R2562,0.0,0.0,0.0,0.0,0.0
R2563,0.0,0.0,0.0,0.0,0.0
R2564,0.0,0.0,0.0,0.0,0.0
R2565,0.002029404,0.0019533783,0.0019324012,0.001759883,0.0016607605
R2566,0.0,0.0,0.0,0.0,0.0
R2567,0.0,0.0,0.0,0.0,0.0
R2568,4.4496762e-10,7.0894757e-10,7.315428e-10,9.377645e-10,3.4956482e-10
R2569,0.0,0.0,0.0,0.0,0.0
R257,3.0007653,3.0007288,3.000978,3.0009694,3.0009956
R2570,0.0,0.0,0.0,0.0,0.0
R2571,1.6076989e-09,1.6993669e-09,1.7272122e-09,1.9400277e-09,2.7283367e-09
R2572,0.0,0.0,0.0,0.0,0.0
R2573,0.0,0.0,0.0,0.0,0.0
R2574,0.0,0.0,0.0,0.0,0.0
R2575,0.0,0.0,0.0,0.0,0.0
R2576,0.0,0.0,0.0,0.0,0.0
R2577,3.36855e-09,3.4436964e-09,3.1184686e-09,2.2465563e-09,1.5336621e-10
R2578,0.0,0.0,0.0,0.0,0.0
R2579,1.0029242,0.99459,0.9949019,0.99430203,0.9938975
R258,5.0,5.0,5.0,5.0,5.0
R2581,0.0,0.0,0.0,0.0,0.0
R2582,9.115755e-10,0.0,0.0,0.0,0.0
R2583,0.0,0.0,0.0,0.0,0.0
R2584,0.0,0.0,0.0,0.0,0.0
R2585,0.97773194,0.9742769,0.97350734,0.97071,0.9621487
R2586,6.154792e-10,0.0,0.0,0.0,0.0
R2587,0.0009326972,0.0010114536,0.0,0.0,0.0
R2588,0.0,0.0,0.0,0.0,0.0
R2589,2.4689193e-09,0.0,0.0,0.0,0.0
R259,4.0145683,4.015104,4.015668,4.0150266,4.0152903
R2590,0.0,0.0,0.0,0.0,0.0
R2591,0.0,0.0,0.0,0.0,0.0
R2592,0.0,0.0,0.0,0.0,0.0
R2593,0.0,0.0,0.0,0.0,0.0
R2594,4.828782e-10,3.403935e-10,3.4973135e-10,2.6600322e-10,0.0
R2595,0.9862224,0.9831243,0.9796985,0.9698625,0.96741104
R2596,0.0,0.0,0.0,0.0,0.0
R2597,1.0552688,1.0613489,1.0598589,1.0585759,1.054467
R2598,0.0,0.0,0.0,0.0,0.0
R2599,0.0,0.0,0.0,0.0,0.0
R26,0.0,0.0,0.0,0.0,0.0
R260,1.0,1.0,1.0,1.0,1.0
R2600,0.0,0.0,0.0,0.0,0.0
R2601,5.485892e-10,7.347287e-10,7.077716e-10,8.328609e-10,3.717684e-10
R2602,5.908696e-11,0.0,0.0,0.0,0.0
R2603,0.0,0.0,0.0,0.0,0.0
R2604,1.006238,1.0035554,1.0008091,1.0005443,1.0002195
R2605,1.932473e-09,1.9238784e-09,1.6497061e-09,1.009913e-09,0.0
R2606,0.98495495,0.98225737,0.9765563,0.97483885,0.9739181
R2607,0.0,0.0,0.0,0.0,0.0
R2608,2.2598907e-09,2.0452005e-09,1.527376e-09,4.9592597e-10,0.0
R2609,7.409451e-10,0.0,0.0,0.0,0.0
R261,2.0016332,2.001627,2.0015514,2.0011048,2.000803
R2611,0.006250769,0.0045684576,0.0022654831,0.003061831,0.00424546
R2612,2.4466074e-09,0.0,0.0,0.0,0.0
R2613,0.8224837,0.042767882,0.0,0.0,0.0
R2614,0.0,0.0,0.0,0.0,0.0
R2615,0.0,0.0,0.0,0.0,0.0
R2616,1.046474e-09,7.0486705e-10,2.9249358e-10,0.0,0.0
R2617,1.1437407e-09,2.1501352e-09,3.1703813e-09,4.103059e-09,5.3221982e-09
R2618,0.0,0.0,0.0,0.0,0.0
R2619,1.8290804e-09,1.6975665e-09,1.2238135e-09,6.122305e-10,0.0
R262,5.0,5.0,5.0,5.0,5.0
R2620,0.0,0.0,0.0,0.0,0.0
R2621,0.0,0.0,0.0,0.0,0.0
R2622,3.5114844e-10,0.0,0.0,0.0,0.0
R2623,0.0019513555,0.0017911531,0.0015661232,0.0012205802,0.00059422106
R2624,0.0,0.0,0.0,0.0,0.0
R2625,2.3827311e-09,2.7935467e-09,3.840456e-09,4.5672115e-09,4.095127e-09
R2626,2.8687048e-09,3.049379e-09,2.7695677e-09,2.4512348e-09,3.63129e-09
R2627,0.0016655773,0.001666531,0.0010716431,0.0010625273,0.0
R2628,0.0,0.0,0.0,0.0,0.0
R2629,0.0,0.0,0.0,0.0,0.0
R263,3.0,3.0,3.0,3.0,3.0
R2630,0.0,0.0,0.0,0.0,0.0
R2631,0.0,3.679701e-10,0.0,0.0,0.0
R2632,0.0,0.0,0.0,0.0,0.0
R2633,9.044192e-10,7.695933e-11,0.0,0.0,0.0
R2634,2.0835156e-10,0.0,0.0,0.0,0.0
R2635,1.302237e-09,6.1774896e-10,0.0,1.12415854e-10,7.8529583e-10
R2636,0.0,0.0,0.0,0.0,0.0
R2637,0.98525053,0.98475415,0.9927362,0.97040254,0.94344026
R2638,2.0782842e-10,0.0,0.0,0.0,0.0
R2639,0.0,0.0,0.0,0.0,0.0
R264,1.9688522e-09,1.7104691e-09,1.3417845e-09,9.690415e-10,2.6519764e-10
R2640,2.1572233e-09,1.6451489e-09,1.6344743e-09,0.0,0.0
R2641,0.0,0.0,0.0,0.0,0.0
R2642,0.0,0.0,0.0,0.0,0.0
R2643,0.0,0.0,0.0,0.0,0.0
R2644,0.0,0.0,0.0,0.0,0.0
R2645,6.2925354e-10,0.0,0.0,0.0,0.0
R2646,2.7488234e-11,0.0,0.0,1.2749357e-10,6.9236705e-10
R2647,6.204499e-10,0.0,0.0,0.0,0.0
R2648,0.0,0.0,0.0,0.0,0.0
R2649,0.0,0.0,0.0,0.0,0.0
R265,3.0103984,3.010878,3.0083685,3.0094311,3.008906
R2650,3.285734e-09,4.268829e-09,3.9455137e-09,2.5682403e-09,0.0
R2651,1.5904802e-09,5.2367044e-10,0.0,0.0,0.0
R2652,1.6663297e-09,5.8644467e-10,0.0,0.0,0.0
R2653,0.0,0.0,0.0,0.0,0.0
R2654,0.0,0.0,0.0,0.0,0.0
R2655,0.0,0.0,0.0,0.0,0.0
R2656,0.0,0.0,0.0,0.0,0.0
R2657,0.0,0.0,0.0,0.0,0.0
R2658,0.0,0.0,0.0,0.0,0.0
R2659,0.0,0.0,0.0,0.0,0.0
R266,0.008015692,0.004891783,0.0012447238,0.00033050776,0.0003658235
R2660,0.0013207868,0.00092411786,0.0010651797,0.0001841858,0.0
R2661,0.0,0.0,0.0,0.0,0.0
R2662,0.0011556931,0.00074333325,0.0003057979,0.00017998368,0.00057926774
R2663,2.7864822e-11,2.9975844e-10,0.0,0.0,0.0
R2664,0.0,0.0,0.0,0.0,0.0
R2666,6.543832e-10,2.1439028e-10,0.0,0.0,0.0
R2667,1.6067929e-09,2.0191007e-09,2.4857392e-09,2.101508e-09,0.0
R2668,0.97363114,0.97331154,0.96658164,0.9551317,0.9446121
R2669,0.0,0.0,0.0,0.0,0.0
R267,3.0,3.0,3.0,3.0,3.0
R2670,0.0,0.0,0.0,0.0,0.0
R2671,2.7133318e-09,2.221718e-09,1.3816974e-09,0.0,0.0
R2672,0.0,0.0,0.0,0.0,0.0
R2673,2.341071e-09,2.2540532e-09,1.8959472e-09,1.1510974e-09,1.8277424e-10
R2674,0.001850754,0.0020984188,0.00035514683,0.0,0.0
R2675,5.131706e-10,0.0,0.0,0.0,0.0
R2676,0.0,0.0,0.0,0.0,0.0
R2677,1.0423785,1.0571699,1.072404,1.0781053,1.0818112
R2678,2.3247582e-09,2.1871935e-09,1.8058475e-09,1.0932968e-09,1.623146e-11
R2679,0.0,0.0,0.0,0.0,0.0
R268,3.0012732,3.0013351,3.001363,3.0013416,3.001292
R2680,1.0152931,1.0190198,1.0173203,1.0106705,1.0019616
R2681,0.0022788234,0.0023206137,0.0018606521,0.0017564781,0.00045469403
R2682,0.0,0.0,0.0,0.0,0.0
R2684,2.256101e-09,2.1802546e-09,1.8889887e-09,1.2733719e-09,4.2277293e-13
R2685,0.0,0.0,0.0,0.0,0.0
R2686,0.96359324,0.95550483,0.9318628,0.83521026,0.4041595
R2687,0.0,0.0,0.0,0.0,0.0
R2688,2.1728903e-09,2.337735e-09,1.7606787e-09,6.1042815e-10,0.0
R2689,0.0,0.0,0.0,0.0,0.0
R269,4.0,4.0,4.0,4.0,4.0
R2690,0.0,0.0,0.0,0.0,0.0
R2693,0.0,0.0,5.302301e-10,1.8652226e-09,3.0874112e-09
R2694,0.0,0.0,0.0,0.0,0.0
R2695,0.0,0.0,0.0,0.0,0.0
R2696,0.0,0.0,0.0,0.0,0.0
R2697,0.0,0.0,0.0,0.0,0.0
R2698,1.5385426e-09,1.4078305e-09,1.0064836e-09,2.2373703e-10,0.0
R2699,0.0,0.0,0.0,0.0,0.0
R27,0.0,0.0,0.0,0.0,0.0
R270,2.9989748,2.9967241,2.996279,2.9985766,3.0013282
R2700,0.001209408,0.001359567,0.0017191954,0.0016697198,0.0015943088
R2701,1.8059261e-09,1.186323e-09,7.681855e-11,0.0,0.0
R2702,2.279218e-09,1.9398623e-09,1.7830024e-09,7.5293527e-10,0.0
R2703,1.0518413,1.050964,1.0506089,1.0498071,1.0473359
R2704,1.8816917e-09,1.3303392e-09,5.379581e-10,0.0,0.0
R2705,0.001787249,0.0017585307,0.0015281253,0.00059364736,0.00022702664
R2706,0.0013290532,0.0014547519,0.0015081577,0.0012946315,0.0010033771
R2707,2.987996e-09,3.753422e-09,3.937674e-09,3.8656203e-09,3.3155416e-09
R2708,1.031356,1.0238053,1.0173362,1.0097328,1.0014459
R2709,8.8209196e-10,5.8053873e-10,0.0,0.0,0.0
R271,4.0,4.0,4.0,4.0,4.0
R2710,1.2038397e-09,7.515035e-10,0.0,0.0,0.0
R2711,8.892129e-10,0.0,0.0,0.0,0.0
R2712,0.0,0.0,0.0,0.0,0.0
R2713,2.2696982e-09,2.1737647e-09,1.826904e-09,1.2868839e-09,2.026912e-11
R2714,6.020813e-10,0.0,0.0,0.0,0.0
R2715,0.0,0.0,0.0,0.0,0.0
R2716,2.3010722e-09,1.8923128e-09,2.9604763e-10,0.0,0.0
R2717,0.0,0.0,0.0,0.0,0.0
R2718,0.0,0.0,0.0,0.0,0.0
R2719,0.0,0.0,0.0,0.0,0.0
R272,5.0,5.0,5.0,5.0,5.0
R2720,0.0018989071,0.0017773546,0.00095752254,0.0002065897,0.00019726902
R2721,8.1943075e-10,0.0,0.0,0.0,0.0
R2722,1.6901445e-09,6.596568e-10,0.0,0.0,0.0
R2723,7.3875417e-10,6.54665e-10,8.8693985e-10,6.5433414e-10,0.0
R2724,0.0,0.0,0.0,0.0,0.0
R2725,0.0,0.0,0.0,0.0,0.0
R2726,0.0,0.0,0.0,0.0,0.0
R2727,2.029633e-09,1.8623603e-09,1.0294687e-09,2.7096636e-10,0.0
R2728,3.665619e-10,6.030334e-10,0.0,0.0,0.0
R2729,6.0821326e-10,0.0,0.0,0.0,0.0
R273,5.0,5.0,5.0,5.0,5.0
R2730,8.3618823e-10,1.1675745e-09,1.2234871e-09,0.0,0.0
R2731,1.0653913,1.0654255,1.0655233,1.0651224,1.0645473
R2732,0.00093485415,0.0008677207,0.00080474466,0.0008714907,0.0012280382
R2733,0.0,0.0,0.0,0.0,0.0
R2734,0.99470824,0.9947452,0.99582064,0.99664515,0.99645436
R2735,2.2984534e-09,2.192324e-09,1.7261672e-09,9.2340047e-10,0.0
R2736,0.0,0.0,0.0,0.0,0.0
R2737,2.1017708e-09,2.595879e-09,2.3354882e-09,2.051399e-09,1.4001365e-09
R2739,0.0,0.0,0.0,0.0,0.0
R274,1.1269086e-09,5.606473e-10,0.0,0.0,0.0
R2740,0.0,0.0,0.0,0.0,0.0
R2741,0.0,0.0,0.0,0.0,0.0
R2742,0.9701888,0.9725548,0.9702783,0.9685637,0.9660601
R2743,0.0,0.0,0.0,0.0,0.0
R2744,2.0,2.0,2.0,2.0,2.0
R2745,3.0,3.0,3.0,3.0,3.0
R2746,3.0,3.0,3.0,3.0,3.0
R2747,3.0011215,3.0010407,3.000978,3.0009508,3.0012553
R2748,2.0,2.0,2.0,2.0,2.0
R2749,3.0,3.0,3.0,3.0,3.0
R275,2.9993887,2.9984612,2.9971385,2.9962544,2.996634
R2750,3.0028567,3.0031242,3.0033407,3.0032516,3.0030196
R2751,2.9966817,2.995111,2.9959977,2.9989216,3.0028126
R2752,3.0,3.0,3.0,3.0,3.0
R2753,2.9977877,2.9972472,2.9980948,2.9984684,2.9988747
R2754,2.0,2.0,2.0,2.0,2.0
R2755,3.0,3.0,3.0,3.0,3.0
R2756,1.9960126,1.99665,1.9968333,1.9965323,1.9955381
R2757,2.000775,2.0009031,2.000784,2.0007458,2.0008142
R2758,3.0,3.0,3.0,3.0,3.0
R2759,2.0021389,2.0018861,2.001515,2.001737,2.0005124
R276,2.0,2.0,2.0,2.0,2.0
R2760,2.0,2.0,2.0,2.0,2.0
R2761,3.0,3.0,3.0,3.0,3.0
R2762,4.0,4.0,4.0,4.0,4.0
R2763,3.01082,3.0094035,3.0084777,3.0083125,3.008791
R2764,3.0025709,3.0025027,3.0022976,3.0021977,3.0020385
R2765,2.0014446,2.001386,2.001056,2.0007684,2.000453
R2766,3.0,3.0,3.0,3.0,3.0
R2767,3.010463,3.0105448,3.0105011,3.0108821,3.0113616
R2768,3.0012467,3.0012877,3.0012586,3.001133,3.000995
R2769,3.0012085,3.0010402,3.0008976,3.0006063,3.0002062
R277,0.0,0.0,0.0,0.0,0.0
R2770,2.0,2.0,2.0,2.0,2.0
R2771,3.0003536,2.997966,2.996998,2.9979663,2.9971642
R2772,3.010597,3.0077515,3.0051403,3.0062816,3.0063143
R2773,0.0,0.0,0.0,0.0,0.0
R2774,2.5904612e-11,0.0,0.0,0.0,0.0
R2775,0.0002745092,0.0004002154,0.0010828078,0.0032652617,0.004706174
R2776,0.00633955,0.00014191866,0.0,0.0016450286,0.007092148
R2777,0.0,0.00023016334,0.0,0.0,0.0
R2778,0.0,0.0,0.0,0.0,0.0
R2779,0.0,0.0,0.0,0.0,0.0013307929
R278,8.0236506e-10,4.3741633e-10,8.556755e-11,0.0,0.0
R2780,0.0,0.0,0.0,0.0,0.0
R2781,0.0,0.0,0.0,0.00030845404,0.0010092556
R2782,0.9982218,0.99855596,0.9991746,0.99957323,0.99977624
R2783,0.0,0.0,0.0,0.0,0.0
R2784,0.0,0.0,0.0,0.0,0.0
R2785,8.5667695e-10,4.8407167e-10,0.0,0.0,0.0
R2786,0.0,0.0,0.0,0.0,0.0
R2789,0.0,0.0,0.0,0.0,0.0
R279,2.1959572e-09,2.124176e-09,1.7654274e-09,1.029574e-09,1.4387336e-10
R2790,0.0,0.0,0.0,0.0,0.0
R2792,2.3371975e-09,2.4415898e-09,2.2465612e-09,1.8787603e-09,7.252505e-10
R2793,0.0,0.0,0.0,0.0,0.0
R2796,2.3359004e-10,9.9873e-11,0.0,0.0,0.0
R2798,0.0,0.0,0.0,0.0,0.0
R2799,0.0,0.0,0.0,0.0,0.0
R2800,1.5547101e-09,0.0,0.0,0.0,0.0
R2801,8.3338336e-10,0.0,4.3813753e-10,6.437415e-10,5.939089e-10
R2802,1.9571211e-09,1.9634052e-09,1.41541e-09,6.128582e-10,0.0
R2803,1.658139e-09,1.6891228e-09,1.5197255e-09,1.1266372e-09,0.0
R2804,1.8384583e-10,0.0,0.0,0.0,0.0
R2805,2.4744313e-09,2.601097e-09,2.6042204e-09,2.9796996e-09,2.783458e-09
R2806,1.4186403e-09,1.3976404e-09,1.0964754e-09,5.409284e-10,0.0
R2807,2.765606e-09,3.0014011e-09,3.0631244e-09,2.914497e-09,2.1027033e-09
R2809,0.0,0.0,0.0,0.0,0.0
R281,1.0996322e-09,6.545431e-11,0.0,0.0,0.0
R2810,0.0,0.0,0.0,0.0,0.0
R2811,4.6533888e-11,0.0,0.0,0.0,0.0
R2812,0.0,0.0,0.0,0.0,0.0
R2813,2.8585954e-09,3.042165e-09,3.0297413e-09,3.1983793e-09,2.5353493e-09
R2814,2.4218867e-09,2.79852e-09,2.762874e-09,2.4469204e-09,9.495644e-10
R2815,2.0451552e-10,0.0,0.0,0.0,0.0
R2816,1.0132695e-10,0.0,0.0,0.0,0.0
R2817,0.0,0.0,3.5154102e-11,8.4505736e-11,0.0
R2819,3.5308867e-10,3.0312108e-10,2.3479618e-10,0.0,0.0
R282,1.2205308e-09,7.458292e-10,2.7074343e-11,0.0,0.0
R2821,0.0,0.0,0.0,0.0,0.0
R2822,7.552976e-10,6.6710193e-10,5.962386e-10,2.337468e-10,0.0
R2823,0.0,0.0,0.0,0.0,0.0
R2825,8.051184e-10,0.0,6.1099525e-10,7.935679e-10,7.019585e-10
R2826,9.345429e-10,0.0,0.0,0.0,0.0
R2827,1.6306332e-09,1.2165462e-09,6.0051897e-10,0.0,0.0
R2828,2.5186742e-10,0.0,0.0,0.0,0.0
R2829,5.9912986e-10,5.0207927e-10,3.4783998e-10,0.0,0.0
R283,0.0,0.0,0.0,0.0,0.0
R2830,7.088197e-11,0.0,0.0,0.0,0.0
R2833,7.212404e-10,7.1416184e-10,8.1672047e-10,6.2650085e-10,0.0
R2834,8.165859e-10,6.368599e-10,7.364709e-10,5.1693316e-10,0.0
R2835,1.2198167e-09,9.067658e-10,0.0,0.0,0.0
R2836,0.0,0.0,0.0,0.0,0.0
R2837,8.5990237e-10,6.1487215e-10,6.7165784e-10,2.6744473e-10,0.0
R2838,2.4798563e-10,0.0,0.0,0.0,0.0
R284,0.0,0.0,0.0,0.0,0.0
R2840,2.5502267e-10,0.0,0.0,0.0,0.0
R2841,7.1267725e-10,5.943659e-10,1.6106316e-10,0.0,0.0
R2842,0.0,0.0,0.0,0.0,0.0
R2843,1.9962207e-09,2.0631836e-09,2.0464341e-09,2.2923357e-09,1.9357467e-09
R2844,2.6475717e-09,2.8312892e-09,2.814204e-09,2.3919462e-09,1.3013262e-09
R2845,2.668219e-09,2.8596958e-09,2.9321159e-09,3.1685055e-09,2.7883726e-09
R2846,6.2980576e-10,6.3349614e-10,6.901477e-10,5.887102e-10,0.0
R2848,2.786537e-09,3.0234508e-09,3.2325724e-09,3.0802503e-09,1.7015855e-09
R285,1.919096e-10,0.0,0.0,0.0,0.0
R2850,2.66239e-09,2.9519922e-09,2.9191995e-09,2.795073e-09,1.8820754e-09
R2851,1.3152359e-09,4.2811443e-10,0.0,0.0,0.0
R2852,1.8655166e-10,6.3454575e-11,0.0,0.0,0.0
R2853,1.8215118e-10,0.0,0.0,0.0,0.0
R2854,6.1106675e-10,5.811336e-10,4.728913e-10,2.0775648e-10,0.0
R2855,1.396818e-09,1.3353769e-09,7.8303697e-10,2.5035085e-11,0.0
R2856,2.421685e-10,0.0,0.0,0.0,0.0
R2857,0.0,0.0,0.0,0.0,0.0
R2858,2.022106e-09,1.9676945e-09,1.6917479e-09,1.2243926e-09,0.0
R2859,8.8364027e-10,0.0,0.0,1.1434276e-10,1.2148682e-10
R286,1.6129817e-09,1.3391093e-09,7.39802e-10,0.0,0.0
R2860,0.0,0.0,0.0,0.0,0.0
R2861,8.720136e-12,0.0,0.0,0.0,0.0
R2862,9.536711e-10,8.269039e-10,8.898342e-10,6.567933e-10,0.0
R2863,0.0,0.0,0.0,0.0,0.0
R287,5.405587e-11,0.0,0.0,0.0,0.0
R2872,0.0,0.0,0.0,0.0,0.0
R2873,5.86754e-10,4.0719605e-10,2.479208e-10,0.0,0.0
R2874,7.718499e-10,0.0,0.0,0.0,0.0
R2875,0.0,0.0,0.0,0.0,0.0
R2876,1.9910709e-09,2.0990214e-09,1.8846857e-09,1.4524604e-09,2.56847e-10
R2878,2.6660374e-09,2.8208063e-09,2.7820617e-09,3.0987728e-09,2.642199e-09
R2879,0.0,0.0,0.0,0.0,0.0
R2881,3.7662495e-10,0.0,0.0,0.0,0.0
R2882,2.4144953e-10,0.0,0.0,0.0,0.0
R2883,0.0,0.0,0.0,0.0,0.0
R2887,2.6900437e-10,5.085674e-10,5.131904e-10,7.088463e-10,1.05760734e-10
R2888,2.1289654e-09,2.1537527e-09,1.9261428e-09,1.4448074e-09,0.0
R2889,0.0,0.0,0.0,0.0,0.0
R289,2.5541878e-09,2.767381e-09,2.8610976e-09,3.1831915e-09,2.9174552e-09
R2891,0.0,0.0,0.0,0.0,0.0
R2892,9.1863894e-10,7.260008e-10,7.018681e-10,6.1065397e-10,3.1593483e-10
R2893,0.0,0.0,0.0,0.0,0.0
R2896,0.0,0.0,0.0,0.0,0.0
R2898,8.762857e-11,0.0,0.0,0.0,0.0
R2899,0.0,0.0,0.0,0.0,0.0
R290,0.0,0.0,0.0,0.0,0.0
R2902,9.487966e-11,0.0,0.0,0.0,0.0
R2903,1.276117e-10,0.0,0.0,0.0,0.0
R2904,2.2885382e-10,1.1174617e-10,0.0,0.0,0.0
R2907,7.515484e-10,0.0,0.0,0.0,0.0
R2908,2.4721536e-09,2.632437e-09,2.661182e-09,2.9572789e-09,2.6156406e-09
R291,0.0,0.0,0.0,0.0,0.0
R2911,0.0,0.0,0.0,0.0,0.0
R2912,1.86124e-09,1.7916546e-09,1.4820967e-09,9.245156e-10,0.0
R2914,1.2833201e-10,0.0,0.0,0.0,0.0
R2919,2.366596e-09,2.4745332e-09,2.4838371e-09,2.7527154e-09,2.411901e-09
R292,2.4992934e-09,2.9531029e-09,3.5259213e-09,3.830094e-09,3.1507468e-09
R2921,1.0,1.0,1.0,1.0,1.0
R2922,1.0,1.0,1.0,1.0,1.0
R2923,2.0746758,2.0834565,2.0855656,2.0853298,2.0840976
R2924,0.99821424,0.9975301,0.99560416,0.9951389,0.99539363
R2925,0.001623068,0.0017710105,0.001988329,0.0021779537,0.0021945387
R2926,2.001157,2.0013065,1.9999783,1.9988213,1.9951423
R2927,2.0725243,2.076346,2.0811357,2.0808787,2.0795507
R2928,2.0,2.0,2.0,2.0,2.0
R2929,1.0,1.0,1.0,1.0,1.0
R293,0.0,0.0,0.0,0.0,0.0
R2930,1.0,1.0,1.0,1.0,1.0
R2931,2.066362,2.067569,2.0646853,2.0591936,2.0508552
R2932,2.0580945,2.0562394,2.050867,2.0469604,2.0438852
R2933,1.0,1.0,1.0,1.0,1.0
R2934,0.0011944473,0.0,0.0,0.0007596314,0.007956207
R2935,0.0,0.0,0.0,0.00085279346,0.0059553087
R2936,0.0009916127,0.0009941049,0.0009981841,0.0009909607,0.0009791441
R2937,0.9998608,1.0014755,1.0008358,0.99812305,0.9963235
R2938,0.0070955157,0.0056319535,0.0015950501,0.0,0.0
R2939,1.0063016,1.0049018,1.0003048,1.0000733,1.000331
R294,0.0,0.0,0.0,0.0,0.0
R2940,2.0,2.0,2.0,2.0,2.0
R2941,1.0043788,1.0037184,0.9987464,0.9947637,0.9940857
R2942,1.0,1.0,1.0,1.0,1.0
R2943,0.00020045042,0.0,0.0,0.002447486,0.008982718
R2944,2.0,2.0,2.0,2.0,2.0
R2945,0.0019797087,0.0,0.0,0.003392607,0.008394599
R2946,0.99678373,0.9957418,0.99492705,0.99599755,0.99821293
R2947,1.0017191,1.0019943,0.998876,0.99701464,0.99643946
R2948,0.0,0.0,0.0,0.0,0.0042217374
R2949,0.0,0.0,0.0,0.0,0.005256146
R295,2.4046396e-09,2.1163826e-09,1.6896502e-09,2.2228024e-09,3.2500123e-09
R2950,1.9995954,2.0015087,2.0015264,2.000252,1.9985263
R2951,0.0,0.0,0.0,0.0,0.0
R2952,1.0,1.0,1.0,1.0,1.0
R2953,1.0,1.0,1.0,1.0,1.0
R2954,1.0107877,1.0076733,0.9997298,0.9980292,0.99439526
R2955,1.0069697,1.006866,1.0026808,0.99993813,0.99923974
R2956,2.0732408,2.073789,2.0694516,2.0655122,2.060459
R2957,0.00016751885,0.0014465451,0.0009889305,0.0,0.0
R2958,1.0,1.0,1.0,1.0,1.0
R2959,2.0023572,2.0012722,1.9994706,1.9983381,1.9975381
R296,2.0616903,1.9988515,1.3939567,1.0216804,1.0049441
R2961,4.438367e-09,4.450636e-09,3.175558e-09,0.0,0.0
R2962,0.0,0.0,0.0,0.0,0.0
R2964,3.4721512e-09,3.8397423e-09,3.977582e-09,3.8794568e-09,2.934549e-09
R2969,0.0,0.0,0.0,0.0,0.0
R297,2.0944102,2.087593,2.088549,2.0875478,2.0856354
R2974,1.7905186e-09,2.1157818e-09,1.9015234e-09,1.3049486e-09,3.4254377e-11
R2977,0.0,0.0,0.0,0.0,0.0
R2979,0.0,0.0,0.0,0.0,0.0
R298,5.8203975e-10,0.0,0.0,0.0,0.0
R2981,0.0,0.0,0.0,0.0,0.0
R2982,1.8910336e-09,5.6528004e-10,0.0,0.0,0.0
R2983,0.0,0.0,0.0,0.0,0.0
R2984,2.7297475e-09,2.6405358e-09,2.236341e-09,1.0125385e-09,0.0
R2985,1.5751564e-09,1.2079269e-09,1.0339309e-09,4.291305e-10,0.0
R2986,0.0,0.0,0.0,0.0,0.0
R2987,0.0,0.0,0.0,0.0,0.0
R299,1.1440526e-09,4.3012793e-10,0.0,0.0,0.0
R2990,1.1816779e-09,5.2535687e-10,2.3466695e-10,0.0,0.0
R2991,7.89635e-12,0.0,0.0,0.0,0.0
R2994,4.073388e-09,3.2417367e-09,0.0,0.0,0.0
R2998,1.4631443e-09,7.596148e-10,0.0,0.0,0.0
R2999,0.0,0.0,0.0,0.0,0.0
R3,1.983782e-10,1.1307755e-10,5.4504845e-11,0.0,0.0
R30,0.004861921,0.005866319,0.0033368468,0.0,0.0
R300,2.781618e-09,3.556532e-09,4.1728976e-09,4.437446e-09,4.5307624e-09
R3000,1.8436923e-09,1.3372023e-09,5.288243e-10,0.0,0.0
R3003,0.0,0.0,0.0,0.0,0.0
R3004,0.0,0.0,0.0,0.0,0.0
R3007,1.6609825e-10,0.0,0.0,0.0,0.0
R301,0.008140102,0.0044739097,0.0,0.0,0.0
R3011,0.0,0.0,0.0,0.0,0.0
R3014,0.0,0.0,0.0,0.0,0.0
R3017,1.2284098e-09,4.445777e-11,0.0,0.0,0.0
R302,1.0256823,1.0185617,0.9820472,0.91533303,0.87685114
R3020,9.819385e-10,5.736418e-10,2.9076297e-11,0.0,0.0
R3021,1.8955177e-09,1.5968391e-09,8.854415e-10,0.0,0.0
R303,3.876024e-10,3.6592285e-10,1.2930812e-10,0.0,0.0
R3031,6.756695e-10,0.0,0.0,0.0,0.0
R304,0.0,0.0,0.0,0.0,0.0
R305,0.0,0.0,0.0,0.0,0.0
R306,0.019635737,0.019736588,0.020208776,0.018674195,0.01284945
R3062,1.6110029e-09,5.00747e-10,0.0,0.0,0.0
R3063,1.4318793e-09,8.067662e-10,0.0,0.0,0.0
R307,0.0,0.0,0.0,0.0,0.0
R3070,4.766132e-10,0.0,0.0,0.0,0.0
R3073,0.0,0.0,0.0,0.0,0.0
R3076,1.1933963e-09,8.2937235e-10,2.509113e-10,0.0,0.0
R308,2.2047928e-09,2.860224e-09,3.3590593e-09,2.8015046e-09,0.0
R3087,1.0901355e-09,9.466405e-10,5.8657035e-10,0.0,0.0
R3088,0.0,0.0,0.0,0.0,0.0
R3089,9.421752e-10,0.0,0.0,0.0,0.0
R309,0.0,0.0,0.0,0.0,0.0
R3090,2.0,2.0,2.0,2.0,2.0
R3091,1.6227812e-09,1.3124444e-09,9.1302077e-10,1.07639675e-10,0.0
R3092,0.0,0.0,0.0,0.0,0.0
R3093,1.0207742,1.0125803,1.0062326,1.0011427,0.9972899
R3094,1.796014e-09,1.0969818e-09,5.6851124e-10,5.6026295e-11,0.0
R3095,1.0197793,1.013495,1.0075663,1.0004729,0.9962633
R3096,0.0,0.0,0.0,0.0,0.0
R3097,4.4578297e-10,0.0,0.0,0.0,0.0
R3098,1.0,1.0,1.0,1.0,1.0
R3099,5.2293414e-10,0.0,0.0,0.0,0.0
R31,5.2197846e-10,8.7621643e-10,0.0,0.0,0.0
R310,2.385356e-09,2.1167175e-09,1.0417871e-09,2.54599e-10,0.0
R3100,7.7269835e-10,0.0,0.0,0.0,0.0
R3101,1.095396e-09,2.5990055e-10,0.0,0.0,0.0
R3102,1.4632979e-09,9.1647157e-10,6.014438e-10,0.0,0.0
R3103,0.0,0.0,0.0,0.0,0.0
R3104,1.0,1.0,1.0,1.0,1.0
R3105,2.0,2.0,2.0,2.0,2.0
R3107,2.0,2.0,2.0,2.0,2.0
R3108,1.5184833e-09,1.4970545e-09,1.2860046e-09,8.2435103e-10,0.0
R311,5.229599e-10,9.513426e-10,1.0313617e-09,6.208394e-10,0.0
R312,2.1068175,2.1091833,2.1108332,2.1118405,2.0937052
R313,1.1697452e-09,7.3359674e-10,3.8166492e-10,0.0,0.0
R314,0.0,0.0,0.0,0.0,0.0
R315,1.944073e-09,1.1689045e-09,5.318652e-10,4.2435566e-10,7.2560447e-10
R316,2.1018143,2.095751,1.9252067,1.2131801,0.9015371
R317,0.0,0.0,0.0,0.0,0.0
R318,1.0460647,1.0450805,1.0415941,1.0335823,1.0249364
R319,1.6230128e-09,1.1170438e-09,8.6105567e-10,2.9836222e-10,0.0
R320,2.884728e-10,0.0,0.0,0.0,0.0
R321,2.0594773,2.0673912,2.055492,1.7372237,1.1184325
R322,2.6134546e-09,2.7040314e-09,2.4963704e-09,1.8664594e-09,7.933556e-10
R323,0.0,0.0,0.0,0.0,0.0
R324,1.2715433e-09,1.0556076e-09,7.3497186e-10,0.0,0.0
R325,0.0,0.0,0.0,0.0,0.0
R326,0.0,0.0,0.0,0.0,0.0
R327,0.0,0.0,0.0,0.0,0.0
R328,2.7487914e-09,3.2552372e-09,4.1509614e-09,4.3499444e-09,3.4852627e-09
R329,2.1936575e-09,0.0,0.0,0.0,0.0
R33,0.0,0.0,0.0,0.0,0.0
R330,0.0,0.0,0.0,0.0,0.0
R331,0.0,0.0,0.0,0.0,0.0
R332,1.3251444e-09,1.9131932e-09,1.4255339e-09,0.0,0.0
R333,2.1440012,2.0955472,1.4413378,0.4779926,0.10874474
R334,2.0943122,2.0835278,2.0365357,1.2410996,0.96342516
R335,1.0211194,1.0161048,1.0139815,1.0159568,1.0226098
R336,0.015161455,0.014336109,0.012822509,0.012569845,0.013032317
R337,0.0,0.0,0.0,0.0,0.0
R338,2.1077018,2.0720694,1.8411374,1.1751121,0.8275176
R339,0.0,0.0,0.0,0.0,0.0
R34,2.406501e-09,2.2036262e-09,1.1816033e-09,0.0,0.0
R340,1.0711403,0.77896005,0.15993562,0.02417618,0.0016174316
R341,2.0798438,1.9344754,1.566128,0.9844761,0.34135008
R342,3.5181498e-09,3.84319e-09,3.3304293e-09,2.7100384e-09,1.4435839e-09
R343,2.2298827e-09,2.59431e-09,3.484645e-09,4.195007e-09,4.3123727e-09
R344,1.6129422e-09,1.4384638e-09,1.6444721e-09,2.3187319e-09,2.8949643e-09
R345,4.9047433e-10,0.0,6.0914385e-11,1.0107815e-09,1.6882851e-09
R346,0.0030303597,0.0017644763,0.0008171499,0.0011043847,0.0
R347,2.0927076,2.008929,1.493681,1.0524522,0.98294103
R348,0.0,0.0,0.0,0.0,0.0
R349,1.7627388e-09,1.2321304e-09,7.40517e-10,2.6090063e-10,0.0
R35,0.0,0.0,0.0,0.0,0.0
R350,0.0,0.0,0.0,0.0,0.0
R351,0.0,0.0,0.0,0.0,0.0
R352,2.0003554e-09,3.015201e-09,3.929686e-09,3.422108e-09,0.0
R353,0.0,0.0,0.0,0.0,0.0
R354,1.1983836e-09,0.0,0.0,0.0,0.0
R355,0.004583806,0.0047722757,0.0058116913,0.0027600825,0.0
R356,0.0,0.0,0.0,0.0,0.0
R357,0.0,0.0,0.0,0.0,0.0
R358,0.0,0.0,0.0,0.0,0.0
R359,0.006594762,0.004987031,0.0012089312,0.0013170987,0.0021110177
R36,1.2413199e-09,1.5524249e-09,1.4040178e-09,1.213063e-09,6.0824235e-10
R360,0.006748557,0.0047923476,0.0,0.0,0.0
R361,0.0015830994,0.0018761456,0.0020160675,0.002189964,0.0026997924
R362,0.0,0.0,0.0,0.0,0.0
R363,0.013459325,0.004258603,0.0,0.0,0.0
R364,8.2578877e-10,7.550851e-10,3.4709036e-10,0.0,0.0
R365,0.006227076,0.0037899911,0.0003939867,5.275011e-05,0.0
R366,2.0210151e-09,2.418125e-09,2.2662923e-09,1.866717e-09,9.183925e-10
R367,0.0,0.0,0.0,0.0,0.0
R368,2.074981e-09,1.913508e-09,1.0752443e-09,7.782184e-10,5.5793148e-11
R369,0.0,0.0,0.0,0.0,0.0
R37,2.7432754e-09,2.111183e-09,2.200442e-09,1.7657484e-09,9.838341e-10
R370,0.0,0.0,0.0,0.0,0.0
R371,0.0060776323,0.0046969056,0.0018534958,0.00088977814,0.0
R372,0.0,0.0,0.0,0.0,0.0
R373,0.020954847,0.020163774,0.019744098,0.018783212,0.016365886
R374,0.011913538,0.012291551,0.015033424,0.015427351,0.016176581
R375,0.007912308,0.0065232813,0.004471034,0.0021694005,0.0020035803
R376,0.0,0.0,0.0,0.0,0.0
R377,0.0,0.0,0.0,0.0,0.0
R378,0.017265081,0.015960753,0.01529783,0.01479131,0.015010893
R379,0.000831455,0.0013653338,0.00243932,0.004612386,0.0063305795
R380,4.959382e-10,6.150769e-11,0.0,0.0,0.0
R381,1.9626016e-09,1.3447785e-09,9.281367e-10,4.6253668e-10,0.0
R382,0.008901775,0.008547783,0.008417785,0.008912325,0.009131372
R383,0.028377414,0.024588466,0.025133252,0.024698615,0.026552558
R384,1.1932391e-09,0.0,0.0,0.0,0.0
R385,0.0,0.0,0.0,0.0,0.0
R386,0.0,0.0,0.0,0.0,0.0
R387,0.0,0.0,0.0,0.0,0.0
R388,6.92697e-10,1.1367223e-09,1.3533996e-09,1.6367876e-09,1.91703e-09
R389,0.0,0.0,0.0,0.0,0.0
R390,0.0031865835,0.0012989044,0.0,0.0012754798,0.005041778
R391,0.0,0.0,0.0,0.0,0.0
R392,0.0052580535,0.003463626,0.00013260543,0.00017978251,0.0
R393,3.291185e-10,0.0,0.0,0.0,0.0
R394,2.5918858e-09,2.9337937e-09,2.7969094e-09,2.1011282e-09,7.5020345e-10
R395,1.5021864e-09,1.7138668e-09,1.6223991e-09,1.079353e-09,1.8799007e-10
R396,0.0,0.0,0.0,0.0,0.0
R397,0.0,0.0,0.0,0.0,0.0
R398,0.0,0.0,0.0,0.0,0.0
R399,1.2700165e-09,5.007419e-10,0.0,0.0,0.0
R4,0.0,0.0,0.0,0.0,0.0
R400,0.0,0.0,0.0,0.0,0.0
R401,2.4267166e-09,3.1429659e-09,3.251614e-09,2.7386475e-09,1.4884947e-09
R402,0.0,0.0,0.0,0.0,0.0
R403,0.0,0.0,0.0,0.0,0.0
R404,0.0,0.0,0.0,0.0,0.0
R405,0.0,0.0,0.0,0.0,0.0
R406,0.0,0.0,0.0,0.0,0.0
R407,0.0,8.100569e-10,5.4976335e-10,4.9205973e-11,0.0
R408,0.0,0.0,0.0,0.0,0.0
R409,0.029206634,0.028360128,0.026631713,0.025350928,0.023708582
R41,0.0,0.0,0.0,0.0,0.0
R410,0.0063794255,0.004268497,0.0019028187,0.0015265346,9.351969e-05
R411,0.0,0.0,0.0,0.0,0.0
R412,0.016035736,0.016014516,0.016649365,0.016923249,0.016222537
R413,8.4414054e-10,0.0,0.0,0.0,0.0
R414,0.0,0.0,0.0,0.0,0.0
R415,5.0430304e-10,4.416525e-10,0.0,0.0,0.0
R416,0.0070408583,0.0032604933,0.0,0.0,0.000210464
R417,0.0,0.0,0.0,0.0,0.0
R418,0.0,0.0,0.0,0.0,0.0
R419,1.1127212e-09,5.7274097e-10,0.0,0.0,0.0
R42,8.8213903e-10,0.0,0.0,0.0,0.0
R420,0.0,0.0,0.0,8.717924e-05,1.8894672e-05
R421,0.01463151,0.015861154,0.016219258,0.017016709,0.016252518
R422,7.964631e-10,6.3154326e-10,0.0,0.0,0.0
R423,0.0,0.0,0.0,0.0,0.0
R424,0.0,0.0,0.0,0.0,0.0
R425,0.0,0.0,0.0,0.0,0.0
R426,0.005410135,0.003917098,0.00087723136,0.0,0.0
R427,0.006469518,0.004037708,0.00036785007,0.0010664165,0.0035782754
R428,0.009310335,0.0031848252,0.0,0.0,0.0
R429,1.9143218e-09,1.8882906e-09,1.1837686e-09,1.4183676e-10,0.0
R43,1.9388802e-10,0.0,0.0,0.0,0.0
R430,0.0,0.0,0.0,0.0,0.0
R431,0.0074622333,0.0032729208,0.0,0.0,0.0
R432,0.0,0.0,0.0,0.0,0.0
R433,0.0,0.0,0.0,0.0,0.0
R434,0.0,0.0,0.0,0.0,0.0
R435,1.2157813e-09,1.3229626e-09,6.128964e-10,0.0,0.0
R436,0.0,0.0,0.0,0.0,0.0
R437,0.0,0.0,0.0,0.0,0.0
R438,0.0,0.0,0.0,0.0,0.0
R439,0.0,0.0,0.0,0.0,0.0
R44,1.5209185e-09,1.6957191e-09,1.514926e-09,7.529961e-10,0.0
R440,0.0035829544,0.0044309497,0.003799796,0.004162073,0.005419433
R441,0.0,0.0,0.0,0.0,0.0
R442,0.0,0.0,0.0,0.0,0.0
R443,0.0,0.0,0.0,0.0,0.0
R444,0.0025905669,0.0010422766,0.0,0.0,0.0
R445,0.0,0.0,0.0,0.0,0.0
R446,2.3616278e-09,3.1528096e-09,3.2467788e-09,3.373434e-09,3.2717873e-09
R447,0.012527108,0.012653351,0.012634039,0.012048364,0.011255503
R448,1.9841142e-09,2.6693652e-09,2.83847e-09,3.0824303e-09,3.0853542e-09
R449,0.0043211877,0.0048136115,0.004769206,0.0048614442,0.005205661
R45,1.7136002e-09,6.9116046e-10,0.0,0.0,0.0
R450,2.0633042e-09,2.7639944e-09,2.2910198e-09,1.7793171e-09,2.3048763e-10
R451,0.0070777237,0.0052458346,0.0026613474,0.0016275346,8.326769e-05
R452,0.0,0.0,0.0,0.0,0.0
R453,0.0,0.0,0.0,0.0,0.0
R454,0.0,0.0,0.0,0.0,0.0
R455,0.0,0.0,0.0,0.0,0.0
R456,0.0,0.0,0.0,0.0,0.0
R457,1.734658e-09,1.5896695e-09,1.061109e-09,9.628209e-11,0.0
R458,3.024101e-10,0.0,0.0,0.0,0.0
R459,0.0,0.0,0.0,0.0,0.0
R460,0.0,0.0,0.0,0.0,0.0
R461,0.0,0.0,0.0,0.0,0.0
R462,0.0,0.0,0.0,0.0,0.0
R463,2.0883328e-09,2.0886826e-09,1.804588e-09,6.301031e-10,0.0
R464,4.3419623e-10,3.378049e-10,0.0,0.0,0.0
R465,0.0,0.0,0.0,0.0,0.0
R466,0.0,0.0,0.0,0.0,0.0
R467,0.0,0.0,0.0,0.0,0.0
R468,2.9550584e-11,0.0,0.0,0.0,0.0
R469,0.0,0.0,0.0,0.0,0.0
R470,0.005915284,0.0023833513,0.00045612454,0.0016172528,0.0036585033
R471,0.0050488114,0.0035574734,0.00040087104,0.0,0.0
R472,0.0,0.0,0.0,0.0,0.0
R473,1.6612294e-09,1.4017327e-09,4.347962e-10,0.0,0.0
R474,0.0,0.0,0.0,0.0,0.0
R475,0.013032258,0.009735405,0.005977452,0.0029996932,0.0039271116
R476,1.869085e-09,1.6722101e-09,4.629741e-10,0.0,0.0
R477,0.0068942904,0.004962206,0.0025099218,0.0021575391,0.0006636381
R478,1.7672277e-09,1.5214636e-09,6.146035e-10,1.9671109e-10,0.0
R479,5.8805005e-10,0.0,0.0,0.0,0.0
R48,0.0,0.0,0.0,0.0,0.0
R480,0.0,0.0,0.0,0.0,0.0
R481,0.0,0.0,0.0,0.0,0.0
R482,0.016889215,0.017739475,0.017853022,0.020743012,0.020555317
R483,0.0,0.0,0.0,0.0,0.0
R484,0.0,0.0,0.0,0.0,0.0
R485,1.7301567e-09,1.4090751e-09,7.5440676e-10,0.0,0.0
R486,8.1663565e-11,0.0,0.0,0.0,0.0
R487,0.0,0.0,0.0,0.0,0.0
R488,4.504841e-10,0.0,0.0,0.0,0.0
R489,0.0,0.0,0.0,0.0,0.0
R49,0.0,0.0,0.0,0.0,0.0
R490,0.006685257,0.0066984594,0.0065897107,0.0064878464,0.003944874
R491,1.8904123e-09,8.815826e-10,0.0,0.0,0.0
R492,0.0,0.0,0.0,0.0,0.0
R493,0.0,0.0,0.0,0.0,0.0
R494,0.0,0.0,0.0,0.0,0.0
R495,0.0,0.0,0.0,0.0,0.0
R496,0.0064998865,0.004724756,0.0005020648,0.0,0.0
R497,0.008249074,0.0054854155,0.0016797781,0.0,0.0
R498,0.0,0.0,0.0,0.0,0.0
R499,0.0,0.0,0.0,0.0,0.0
R50,1.279806e-09,2.1981017e-09,3.4436387e-09,3.869417e-09,3.9045047e-09
R500,0.0,0.0,0.0,0.0,0.0
R501,0.0,0.0,0.0,0.0,0.0
R502,0.006899506,0.0048703253,0.0012921989,0.00020816922,0.00068318844
R503,3.9512305e-10,0.0,0.0,0.0,0.0
R505,0.0,0.0,0.0,0.0,0.0
R506,0.0042994022,0.002836734,0.0,0.0,0.0
R507,0.007267505,0.0043331087,0.00025346875,0.0,0.0
R508,0.0,0.0,0.0,0.0,0.0
R509,0.0,0.0,0.0,0.0,0.0
R51,3.971663e-10,0.0,0.0,0.0,0.0
R510,2.3100044e-09,2.294464e-09,2.0122162e-09,1.3503181e-09,2.9217428e-10
R511,0.0,0.0,0.0,0.0,0.0
R512,0.00653255,0.0041184425,0.00060230494,0.0,0.00029587746
R514,2.8772433e-09,2.99183e-09,2.550526e-09,1.0833756e-09,0.0
R515,0.008546263,0.006285161,0.0007119477,0.0,0.0
R516,0.010755688,0.001994282,0.0,0.0,0.0
R517,0.0,0.0,0.0,0.0,0.0
R518,1.0072085,1.0049336,1.0016344,1.0010806,1.0012963
R519,2.0,2.0,2.0,2.0,2.0
R520,2.0,2.0,2.0,2.0,2.0
R521,1.0,1.0,1.0,1.0,1.0
R522,1.0002389,0.9990421,0.99701226,0.9960811,0.9958676
R524,1.060662,1.0611966,1.0607054,1.061894,1.0585048
R525,1.0,1.0,1.0,1.0,1.0
R526,0.9998217,1.0005814,0.9996662,0.99852985,0.9972774
R528,2.0,2.0,2.0,2.0,2.0
R529,0.0,0.0,0.0,0.0,0.0
R53,7.816643e-10,8.1373575e-11,0.0,0.0,0.0
R530,1.0,1.0,1.0,1.0,1.0
R531,2.0,2.0,2.0,2.0,2.0
R532,1.0,1.0,1.0,1.0,1.0
R533,2.0,2.0,2.0,2.0,2.0
R534,0.0,0.0,0.0,0.0,0.0
R536,1.0545806,1.0521735,1.0505002,1.0499369,1.0490834
R537,1.0,1.0,1.0,1.0,1.0
R538,2.0,2.0,2.0,2.0,2.0
R540,2.0,2.0,2.0,2.0,2.0
R541,1.0,1.0,1.0,1.0,1.0
R542,0.00085967034,0.0007550977,0.0006250851,0.0007879473,0.0007668361
R544,0.004907936,0.001995355,0.0,0.0,6.8455935e-05
R545,0.9978249,0.99606,0.99636316,0.999441,1.0047704
R546,1.0,1.0,1.0,1.0,1.0
R547,0.0,0.0,0.0,0.0,0.0
R548,1.0,1.0,1.0,1.0,1.0
R549,0.010327399,0.010106772,0.006850779,0.0026701689,0.0012976229
R55,0.0,0.0,0.0,0.0,0.0
R551,0.0067340136,0.004630983,0.0009056926,0.0,0.0
R552,1.0,1.0,1.0,1.0,1.0
R553,3.0,3.0,3.0,3.0,3.0
R554,3.0,3.0,3.0,3.0,3.0
R555,2.0,2.0,2.0,2.0,2.0
R556,1.0067257,1.004089,1.0002904,1.0000486,1.0015917
R557,0.9975913,0.9968537,0.9958636,0.99703526,1.0022833
R559,2.0,2.0,2.0,2.0,2.0
R56,2.252429e-09,2.1879785e-09,1.7471362e-09,4.712166e-10,0.0
R560,1.0,1.0,1.0,1.0,1.0
R561,2.0,2.0,2.0,2.0,2.0
R562,4.679066e-10,3.4433345e-10,2.1967983e-10,0.0,0.0
R564,6.8435235e-10,4.114078e-10,0.0,0.0,0.0
R566,2.4115114e-09,2.592456e-09,2.6106046e-09,2.5938007e-09,2.0629414e-09
R57,0.0,0.0,0.0,0.0,0.0
R570,4.1137138e-10,2.647047e-10,0.0,0.0,0.0
R571,2.3384938e-09,2.1236e-09,6.187575e-10,0.0,0.0
R572,1.1998431e-09,9.2870533e-10,6.650589e-10,0.0,0.0
R573,1.5045021e-09,1.581034e-09,1.5329897e-09,1.1603851e-09,0.0
R576,1.4445098e-09,1.3317663e-09,1.1117127e-09,6.976473e-10,0.0
R577,1.7778821e-09,1.6388768e-09,1.1857864e-09,2.4000357e-10,0.0
R578,1.1040298e-09,8.370391e-10,1.4481749e-12,0.0,0.0
R579,0.0,0.0,0.0,0.0,0.0
R581,2.690227e-09,2.8809404e-09,2.701709e-09,2.0646675e-09,7.561711e-10
R582,0.0,0.0,0.0,0.0,0.0
R583,1.4832966e-09,1.3062791e-09,8.581482e-10,8.752554e-12,0.0
R584,0.0,0.0,0.0,0.0,0.0
R586,2.2527624e-10,0.0,0.0,0.0,0.0
R587,1.2560042e-10,0.0,0.0,0.0,0.0
R588,1.8940449e-10,1.13999477e-10,0.0,0.0,0.0
R59,0.0,0.0006381124,0.0,0.0,0.0
R590,6.4607986e-10,0.0,0.0,0.0,0.0
R593,0.0,0.0,0.0,0.0,0.0
R595,0.0010572411,0.00068321824,0.00050558895,0.00012083724,0.0
R597,0.00089873746,0.00070584565,0.00035830215,0.00016980991,0.0
R598,0.0,0.0,0.0,0.0,0.0
R599,0.0,0.0,0.0,0.0,0.0
R6,0.0,0.0,0.0,0.0,0.0
R601,8.758396e-10,8.463581e-10,4.9258464e-10,0.0,0.0
R606,1.6026984e-09,1.388214e-09,9.217622e-10,1.0242296e-10,0.0
R607,8.073213e-10,0.0,0.0,0.0,0.0
R608,1.2044445e-09,9.0142227e-10,4.442109e-10,0.0,0.0
R609,0.0,0.0,0.0,0.0,0.0
R61,1.8550237e-09,2.2859117e-09,2.3618894e-09,2.159514e-09,1.6546156e-09
R612,1.5258033e-09,1.2063046e-09,8.2670293e-10,4.203775e-10,0.0
R614,9.8979935e-11,0.0,0.0,0.0,0.0
R615,1.3876249e-09,6.523453e-10,3.2392844e-10,1.3450574e-10,0.0
R618,1.2795192e-09,1.404401e-10,0.0,0.0,0.0
R619,2.374197e-09,2.4759355e-09,1.9770532e-09,7.983987e-10,0.0
R62,0.0,0.0,0.0,0.0,0.0
R620,0.0,0.0,0.0,0.0,0.0
R621,5.440284e-10,3.990528e-10,0.0,0.0,0.0
R623,2.2726439e-09,2.910542e-09,2.9555882e-09,2.4992244e-09,1.31622e-09
R624,0.0,0.0,0.0,0.0,0.0
R626,1.1252688e-10,0.0,0.0,0.0,0.0
R627,0.0,0.0,0.0,0.0,0.0
R629,0.0,0.0,0.0,0.0,0.0
R63,0.003820479,0.0010142028,0.00039231777,0.0031254292,0.0064810216
R630,1.0295462e-09,8.5936325e-10,5.6150395e-10,0.0,0.0
R631,0.0,0.0,0.0,0.0,0.0
R633,1.7126032e-09,2.2117086e-09,2.399942e-09,2.1029072e-09,1.0363448e-09
R635,0.0,0.0,0.0,0.0,0.0
R638,8.064247e-10,5.798291e-10,9.014833e-11,0.0,0.0
R64,0.0,0.0,0.0,0.0,0.0
R642,0.0,0.0,0.0,0.0,0.0
R645,0.0,0.0,0.0,0.0,0.0
R646,2.5577254e-09,2.7828475e-09,2.8220053e-09,2.7441338e-09,1.9550868e-09
R647,0.0,0.0,0.0,0.0,0.0
R648,6.0828653e-10,1.8245938e-10,0.0,0.0,0.0
R649,0.0,0.0,0.0,0.0,0.0
R65,0.0,0.0,0.0,0.0,0.0
R651,0.0,0.0,0.0,0.0,0.0
R653,0.0,0.0,0.0,0.0,0.0
R655,0.0,0.0,0.0,0.0,0.0
R659,0.0,0.0,0.0,0.0,0.0
R660,0.0,0.0,0.0,0.0,0.0
R663,1.5620607e-09,5.5650773e-10,0.0,0.0,0.0
R664,2.0592243e-09,1.5765966e-09,6.2887495e-10,0.0,0.0
R665,0.0,0.0,0.0,0.0,0.0
R666,1.0891643e-09,3.5817926e-10,0.0,0.0,0.0
R667,2.2781919e-09,2.5558395e-09,2.6938376e-09,2.5369666e-09,1.4888815e-09
R668,0.0,0.0,0.0,0.0,0.0
R669,1.0764933e-09,8.5154106e-11,0.0,0.0,0.0
R67,0.0,0.0,0.0,0.0,0.0
R670,1.0873467e-09,2.9940495e-12,0.0,0.0,0.0
R671,9.921606e-10,6.805856e-10,1.1596546e-10,0.0,0.0
R672,0.0,0.0,0.0,0.0,0.0
R673,0.0,0.0,0.0,0.0,0.0
R674,9.087082e-10,9.450796e-11,0.0,0.0,0.0
R675,5.0899707e-10,5.7541727e-10,5.2904836e-10,2.6851854e-11,0.0
R676,0.0,0.0,0.0,0.0,0.0
R677,2.497343e-09,0.0,0.0,0.0,0.0
R678,0.0,0.0,0.0,0.0,0.0
R679,2.4144842e-09,2.4751514e-09,2.2609392e-09,1.7023059e-09,7.889014e-10
R68,4.0,4.0,4.0,4.0,4.0
R680,2.1371012e-09,2.4936049e-09,2.6127782e-09,2.3199278e-09,1.5711583e-09
R681,0.0,0.0,0.0,0.0,0.0
R683,1.673524e-09,7.562393e-10,0.0,0.0,0.0
R684,2.2037931e-09,7.0129147e-10,0.0,0.0,0.0
R685,1.6962725e-09,1.7805879e-09,1.2073627e-09,0.0,0.0
R686,0.0,0.0,0.0,0.0,0.0
R687,1.6168982e-09,1.1334298e-09,5.5584515e-10,0.0,0.0
R688,1.7228543e-09,1.525706e-09,1.1023511e-09,3.0070701e-10,0.0
R69,1.00383,1.0037332,1.004108,1.0049514,1.0038657
R690,1.1994321e-09,1.0005636e-09,6.5101546e-10,2.1523272e-10,0.0
R691,1.3416872e-09,0.0,0.0,0.0,0.0
R692,1.2333148e-09,2.9547031e-10,0.0,0.0,0.0
R694,0.0,0.0,0.0,0.0,0.0
R697,0.0,0.0,0.0,0.0,0.0
R698,1.1894121e-09,4.87973e-10,6.360246e-11,0.0,0.0
R699,2.1955395e-09,1.9375606e-09,7.7967144e-10,0.0,0.0
R7,0.0,0.0,0.0,0.0,0.0
R70,1.9962419,1.9952298,1.9925435,1.9899533,1.9881312
R700,0.0,0.0,0.0,0.0,0.0
R701,8.9211216e-10,5.022913e-10,0.0,0.0,0.0
R702,0.0,0.0,0.0,0.0,0.0
R703,2.3699167e-09,2.3444175e-09,1.9365338e-09,7.156864e-10,0.0
R704,0.0,0.0,0.0,0.0,0.0
R705,7.204124e-10,5.1998295e-10,0.0,0.0,0.0
R706,8.261152e-10,5.601346e-10,0.0,0.0,0.0
R707,2.1297528e-09,1.6307018e-09,5.723637e-10,0.0,0.0
R708,1.3919532e-10,0.0,0.0,0.0,0.0
R709,2.2157565e-09,2.2502578e-09,1.8876807e-09,1.4240489e-09,3.2658676e-10
R71,1.993367,1.9915478,1.986732,1.9815257,1.9750541
R710,2.0819082e-09,1.7080231e-09,1.8710278e-10,0.0,0.0
R711,0.0,0.0,0.0,0.0,0.0
R713,1.6188026e-09,1.3953905e-09,9.2950647e-10,5.105516e-11,0.0
R714,3.2872904e-10,0.0,0.0,0.0,0.0
R715,7.14766e-10,0.0,0.0,0.0,0.0
R716,0.0,0.0,0.0,0.0,0.0
R717,2.106645e-09,1.9472632e-09,1.5667581e-09,8.207306e-10,0.0
R718,2.6029223e-10,0.0,0.0,0.0,0.0
R719,1.3902315e-09,5.200653e-10,0.0,0.0,0.0
R72,1.9963593,1.9949027,1.9914262,1.9888262,1.9865452
R720,2.69055e-09,2.6370977e-09,2.2998634e-09,1.2156329e-09,0.0
R721,0.0,0.0,0.0,0.0,0.0
R722,1.1182879e-09,5.367242e-10,0.0,0.0,0.0
R723,2.573275e-10,0.0,0.0,0.0,0.0
R724,0.0,0.0,0.0,0.0,0.0
R725,2.0906992e-09,1.8318336e-09,7.6346685e-10,0.0,0.0
R727,1.3032726e-09,8.425065e-10,0.0,0.0,0.0
R729,0.0,0.0,0.0,0.0,0.0
R73,3.0,3.0,3.0,3.0,3.0
R730,1.8327688e-09,3.407603e-10,0.0,0.0,0.0
R731,2.985128e-09,3.1617406e-09,2.9107703e-09,2.7999913e-09,1.3277486e-09
R732,0.0,0.0,0.0,0.0,0.0
R733,0.0,0.0,0.0,0.0,0.0
R734,2.7943678e-09,3.2530125e-09,3.4805008e-09,3.6976373e-09,3.3523122e-09
R735,0.0,0.0,0.0,0.0,0.0
R736,8.2508134e-10,0.0,0.0,0.0,0.0
R738,6.105869e-10,7.24377e-10,6.9436124e-10,1.5547208e-10,0.0
R739,0.0,0.0,0.0,0.0,0.0
R74,2.0187063,2.0176904,2.017083,2.017148,2.0168161
R740,0.0,0.0,0.0,0.0,0.0
R741,0.0,0.0,0.0,0.0,0.0
R742,1.2287362e-09,4.5491388e-10,0.0,0.0,0.0
R743,1.5482509e-09,1.4544523e-09,1.2605497e-09,9.970296e-10,5.671672e-10
R744,1.1263261e-09,1.7257706e-10,0.0,0.0,0.0
R746,0.0,0.0,0.0,0.0,0.0
R747,0.0,0.0,0.0,0.0,0.0
R748,1.7003874e-09,1.3366757e-09,1.0059993e-09,4.1799453e-11,0.0
R749,3.0335365e-09,3.1028784e-09,2.8956253e-09,2.0625777e-09,7.6871287e-10
R75,1.0080802,1.0072155,1.0066613,1.0091755,1.0102904
R751,1.5550272e-09,1.6970749e-09,1.5690584e-09,1.0309447e-09,1.5133983e-10
R752,1.205551e-09,3.0486902e-10,0.0,0.0,0.0
R753,0.0,0.0,0.0,0.0,0.0
R754,3.814966e-10,0.0,2.6617242e-10,3.5885073e-10,1.0994139e-10
R755,8.944938e-10,0.0,0.0,0.0,0.0
R756,0.0,0.0,0.0,0.0,0.0
R757,1.5585402e-09,1.7294248e-09,1.6380111e-09,1.2355823e-09,4.1003867e-10
R758,1.2851491e-09,1.0721442e-09,5.354823e-10,0.0,0.0
R759,0.008518934,0.0033828616,0.0003412366,0.004053235,0.008610904
R76,2.0014813,2.0012708,2.0009592,2.0007184,2.00071
R760,1.5321682e-09,2.1585111e-09,2.3079303e-09,2.0428779e-09,1.5497443e-09
R761,1.9900526e-11,0.0,0.0,0.0,0.0
R762,1.0851671e-09,7.6253404e-10,2.640812e-10,0.0,0.0
R763,0.0,0.0,0.0,0.0,0.0
R764,2.4973463e-09,2.3038398e-09,1.9099367e-09,8.4178e-11,0.0
R766,5.192027e-10,0.0,0.0,0.0,0.0
R767,0.0,0.0,0.0,0.0,0.0
R768,1.0108668e-09,5.696501e-10,1.9110113e-10,0.0,0.0
R769,1.2127852e-09,0.0,0.0,0.0,0.0
R77,4.0,4.0,4.0,4.0,4.0
R770,2.272331e-09,2.3305042e-09,2.2506077e-09,2.0326727e-09,1.2509225e-09
R771,0.0,0.0,0.0,0.0,0.0
R772,0.0,0.0,0.0,0.0,0.0
R773,2.6322988e-09,2.7919473e-09,2.6227225e-09,2.3210074e-09,1.251407e-09
R774,5.962597e-10,0.0,0.0,0.0,0.0
R775,1.2508115e-09,0.0,0.0,0.0,0.0
R776,1.5348234e-09,1.6137494e-09,1.5444992e-09,1.3979724e-09,9.442016e-10
R778,4.152892e-10,0.0,0.0,0.0,0.0
R779,1.1839982e-09,4.3943865e-10,0.0,0.0,0.0
R78,1.0071204,1.004216,1.0011506,1.0009897,0.99970776
R780,8.645735e-10,8.8560204e-10,7.7720974e-10,0.0,0.0
R782,2.0252016e-09,1.8937194e-09,1.4578068e-09,6.1022387e-10,0.0
R784,0.0014136918,0.0011066385,0.0006142929,0.0007053688,0.0
R785,0.0,0.0,0.0,0.0,0.0
R787,2.0831155e-09,1.340168e-09,5.660805e-12,0.0,0.0
R788,1.3578403e-09,7.2032713e-10,0.0,0.0,0.0
R789,0.0,0.0,0.0,0.0,0.0
R79,2.0026243,2.0027509,2.0025933,2.0022686,2.0020933
R790,2.4664641e-09,2.6682225e-09,2.7510962e-09,2.93501e-09,2.6875915e-09
R791,2.1032507e-09,2.1414517e-09,2.0131263e-09,1.7225164e-09,7.299028e-10
R792,0.0,0.0,0.0,0.0,0.0
R793,1.2345898e-09,8.4538365e-10,5.264762e-10,0.0,0.0
R794,5.471074e-10,0.0,0.0,0.0,0.0
R795,2.6167204e-09,2.3123667e-09,1.4355885e-09,4.316174e-10,0.0
R796,5.19075e-10,1.5212835e-09,2.6638016e-09,2.1874675e-09,0.0
R797,2.148849e-09,1.6344792e-09,0.0,0.0,0.0
R798,2.3686502e-09,2.9609053e-09,3.0048182e-09,3.2394305e-09,2.2433784e-09
R799,0.0,0.0,0.0,0.0,0.0
R8,1.408447e-10,0.0,0.0,0.0,0.0
R80,1.0129544,1.003999,0.9967642,0.9977969,0.99733186
R800,3.155769e-10,0.0,0.0,0.0,0.0
R801,0.0,0.0,0.0,0.0,0.0
R802,0.0,0.0,0.0,0.0,0.0
R803,2.0761495e-09,1.9323005e-09,1.6378041e-09,1.3401786e-09,7.2802475e-10
R804,0.0,0.0,0.0,0.0,0.0
R805,6.850128e-10,4.4291149e-10,4.161338e-11,0.0,0.0
R806,2.0822464e-09,1.9923816e-09,1.6218216e-09,1.255896e-09,4.658727e-10
R807,3.170875e-10,0.0,0.0,0.0,0.0
R808,3.3488046e-10,0.0,0.0,0.0,0.0
R809,8.588833e-10,5.537483e-10,2.6772828e-10,0.0,0.0
R81,2.002276,2.0023406,2.001945,2.0017862,2.0004735
R810,1.4221171e-09,2.5034148e-09,3.800736e-09,4.053979e-09,3.014959e-09
R812,8.3881535e-10,0.0,0.0,0.0,0.0
R813,0.0,0.0,0.0,0.0,0.0
R814,0.0,0.0,0.0,0.0,0.0
R815,0.0,0.0,0.0,0.0,0.0
R816,9.2446706e-10,5.753753e-10,3.779228e-10,0.0,0.0
R817,9.273212e-10,5.504315e-10,3.3187897e-11,0.0,0.0
R818,7.2244266e-10,1.1691537e-10,0.0,0.0,0.0
R819,1.8808473e-09,1.306734e-09,0.0,0.0,0.0
R82,1.0165136,1.0149503,1.0161989,1.0162945,1.0168022
R820,1.8084858e-09,8.610781e-10,0.0,0.0,0.0
R821,4.0875414e-10,6.1794125e-11,0.0,0.0,0.0
R822,7.5566775e-10,9.272969e-10,1.0289618e-09,9.611185e-10,8.2108853e-10
R823,0.0017574616,0.0016922057,0.0010771677,0.00053958595,0.0
R824,1.9467774e-09,0.0,0.0,0.0,0.0
R825,0.0,0.0,0.0,0.0,0.0
R826,2.6083176e-09,2.42079e-09,1.7188384e-09,8.4857366e-10,0.0
R827,2.3821485e-09,2.7668219e-09,3.2214729e-09,3.1330685e-09,1.6266415e-09
R828,0.0,0.0,0.0,0.0,0.0
R829,0.0,0.0,0.0,0.0,0.0
R830,0.0,0.0,0.0,0.0,0.0
R831,1.7768453e-09,1.6594012e-09,1.238488e-09,3.5005598e-10,0.0
R832,1.2257576e-09,5.0259874e-10,0.0,0.0,0.0
R833,1.8597044e-09,1.1581455e-09,6.301448e-10,0.0,0.0
R834,5.9824545e-10,0.0,0.0,0.0,0.0
R835,0.0,0.0,0.0,0.0,0.0
R836,2.221401e-09,2.2316105e-09,1.9738335e-09,1.3476613e-09,1.6107915e-10
R837,0.0,0.0,0.0,0.0,0.0
R838,6.449449e-10,6.2164146e-10,0.0,0.0,0.0
R839,0.0,0.0,0.0,0.0,0.0
R840,2.5583474e-10,0.0,0.0,0.0,0.0
R841,0.0,0.0,0.0,0.0,0.0
R842,0.0,0.0,0.0,0.0,0.0
R843,4.6263743e-10,2.8297248e-10,0.0,0.0,0.0
R845,0.0019437075,0.0019043088,0.0011009127,0.0010196157,0.0
R846,9.818895e-10,4.1722714e-10,0.0,0.0,0.0
R847,2.2074946e-09,2.1565514e-09,1.6483264e-09,1.1773227e-09,2.7646596e-10
R848,0.0013878495,0.0011870451,0.0012385175,0.0011136755,0.00097369775
R849,2.1445934e-09,2.1980786e-09,1.994351e-09,1.1839658e-09,0.0
R850,1.2574857e-09,1.8902044e-09,2.1288402e-09,2.513644e-09,1.8939752e-09
R851,2.546303e-09,2.5002875e-09,1.4216486e-09,0.0,0.0
R852,8.83692e-11,0.0,0.0,0.0,0.0
R853,1.6152395e-09,1.4593888e-09,1.0289498e-09,0.0,0.0
R854,2.6022076e-09,2.7954616e-09,2.7521994e-09,2.2733007e-09,7.910894e-10
R855,1.6859413e-09,1.8133344e-09,1.7774904e-09,1.500557e-09,5.347598e-10
R857,0.020107329,0.01867497,0.017466307,0.016966343,0.016723573
R858,0.0,0.0,0.0,0.0,0.0
R859,1.8440738e-09,2.7488065e-09,3.5254337e-09,4.786357e-09,5.516453e-09
R86,1.0,1.0,1.0,1.0,1.0
R860,0.002113659,0.0021299496,0.0019668043,0.0016069002,0.0011317432
R861,0.0,0.0,0.0,0.0,0.0
R862,0.0,0.0,0.0,0.0,0.0
R863,0.0,0.0,0.0,0.0,0.0
R865,0.9968476,0.9936921,0.9950583,0.99680936,0.9985064
R866,2.550626e-09,2.549117e-09,1.7169008e-09,2.759628e-10,0.0
R867,0.0,0.0,0.0,0.0,0.0
R868,2.5288078e-09,2.5879867e-09,2.261257e-09,1.6434893e-09,0.0
R869,2.1359874e-09,1.9751618e-09,1.308242e-09,4.1242743e-10,0.0
R870,0.0012006238,0.00022385642,0.0,0.0,0.0
R871,0.0,0.0,0.0,0.0,0.0
R872,8.001212e-10,1.2153434e-10,0.0,0.0,0.0
R873,0.001942791,0.0019758344,0.0019434169,0.0017530285,0.0013998263
R874,1.9705388e-09,1.6355465e-09,0.0,0.0,0.0
R876,0.0018408187,0.0017711073,0.0010177307,0.000945542,0.0
R878,0.0,0.0,0.0,0.0,0.0
R879,0.0,0.0,0.0,0.0,0.0
R880,1.5395023e-09,2.3395046e-09,2.7846556e-09,3.4711172e-09,4.7254414e-09
R881,2.310944e-09,2.47551e-09,2.2836057e-09,1.9833246e-09,1.0902181e-09
R882,6.47713e-10,8.7112384e-10,1.0767733e-09,2.1063773e-10,0.0
R883,2.740909e-09,2.9942138e-09,3.1242116e-09,3.0394105e-09,2.2164293e-09
R884,0.0028404146,0.002318032,0.001840204,0.00022052974,0.0
R886,4.4387405e-10,0.0,0.0,0.0,0.0
R887,1.1793375e-09,1.3624537e-09,7.9751006e-10,9.707701e-11,0.0
R888,1.2849233e-10,0.0,0.0,0.0,0.0
R889,0.0,0.0,0.0,0.0,0.0
R890,0.0,0.0,0.0,0.0,0.0
R891,2.6247016e-09,2.678256e-09,2.4820639e-09,1.1661809e-09,0.0
R892,9.118093e-10,0.0,0.0,0.0,0.0
R894,0.0031520799,0.0029298365,0.0028598532,0.002446495,0.0024181083
R895,1.7772765e-09,1.5520794e-09,1.3646431e-09,1.5093384e-09,9.923031e-10
R896,9.721607e-10,4.915214e-10,1.4843438e-10,0.0,0.0
R899,0.0,0.0,0.0,0.0,0.0
R9,0.0,0.0,0.0,0.0,0.0
R90,1.0719345,1.0680784,1.0630512,1.0563103,1.052553
R901,2.7643516e-09,2.9095089e-09,2.3217224e-09,1.5771926e-09,2.0514213e-10
R902,1.1985626e-09,1.3860362e-09,1.3102417e-09,1.4577823e-09,1.203107e-09
R903,0.0,0.0,0.0,0.0,0.0
R904,0.0,0.0,0.0,0.0,0.0
R905,2.7647968e-09,3.0450458e-09,3.151781e-09,3.0665577e-09,2.3299376e-09
R907,1.285648e-09,1.7377371e-09,1.4576442e-09,9.380172e-10,1.8751001e-10
R909,1.3362766e-10,0.0,0.0,0.0,0.0
R910,0.0,0.0,0.0,0.0,0.0
R911,0.0,0.0,0.0,0.0,0.0
R912,0.0,0.0,0.0,0.0,0.0
R913,0.0,0.0,0.0,0.0,0.0
R914,0.9954546,0.9970808,0.9977668,0.99678606,1.0001842
R916,1.5686945e-09,2.0626842e-09,1.7913822e-09,1.2408168e-09,4.0256154e-10
R917,0.0,0.0,0.0,0.0,0.0
R919,0.9708904,0.9721052,0.97010094,0.9698166,0.9689901
R92,0.0,0.0,0.0,0.0,0.0
R920,0.0014783889,0.001370918,0.000968989,0.0006776564,0.0
R921,2.5359073e-09,2.6434197e-09,2.3625106e-09,1.8445454e-09,4.334546e-10
R922,0.0,0.0,0.0,0.0,0.0
R923,0.0,0.0,0.0,0.0,0.0
R924,0.0,0.0,0.0,0.0,0.0
R925,0.0,0.0,0.0,0.0,0.0
R927,0.0,0.0,0.0,0.0,0.0
R928,2.16767e-09,3.063502e-09,3.7080925e-09,4.7142814e-09,4.47864e-09
R930,1.2171668e-09,1.2041692e-09,1.1168018e-09,1.7976456e-09,2.202583e-09
R931,0.0,0.0,0.0,0.0,0.0
R932,0.0,0.0,0.0,0.0,0.0
R933,2.0809947e-09,1.6260597e-09,6.97312e-10,0.0,0.0
R934,1.2329857e-09,1.4301293e-09,1.3594601e-09,1.4791572e-09,8.850689e-10
R936,0.0,0.0,0.0,0.0,0.0
R937,1.8936785e-10,0.0,0.0,0.0,0.0
R938,0.0,0.0,0.0,0.0,0.0
R940,0.0,0.0,0.0,0.0,0.0
R941,0.0024083592,0.0024088137,0.0022589304,0.0019338392,0.0014866553
R942,0.99884874,0.99983084,1.0021714,1.0159146,1.02923
R944,3.7315884e-10,0.0,0.0,0.0,0.0
R945,0.0,0.0,0.0,0.0,0.0
R946,1.7104757e-09,1.711344e-09,1.5444681e-09,1.1859216e-09,1.6534885e-10
R947,0.0,0.0,0.0,0.0,0.0
R948,2.8216407e-10,1.1059491e-09,1.7912094e-09,3.0136338e-09,3.6491103e-09
R949,0.9913793,0.995177,1.0013381,1.0042553,1.0033084
R950,1.3047279e-09,9.681047e-10,1.2051915e-10,0.0,0.0
R951,3.1974468e-10,0.0,0.0,0.0,0.0
R952,6.942422e-10,1.427702e-09,1.7814945e-09,2.3442892e-09,3.268151e-09
R953,0.0,0.0,0.0,0.009832501,0.02700609
R954,0.0,0.0,0.0,0.0,0.0
R955,0.0,0.0,0.0,0.0,0.0
R956,0.0,0.0,0.0,0.0,0.0
R957,0.0,0.0,0.0,0.0,0.0
R958,1.4360682e-09,1.8482673e-09,9.880714e-10,0.0,0.0
R96,0.0,0.0,0.0,0.0,0.0
R962,2.3125095e-09,2.1511926e-09,1.2143953e-09,0.0,0.0
R963,6.366374e-10,3.2897973e-10,0.0,0.0,0.0
R966,0.0,0.0,0.0,0.0,0.0
R970,6.889713e-10,0.0,0.0,0.0,0.0
R972,0.0,0.0,0.0,0.0,0.0
R973,0.0,0.0,0.0,0.0,0.0
R974,0.0,0.0,0.0,0.0,0.0
R977,0.0,0.0,0.0,0.0,0.0
R979,0.0,0.0,0.0,0.0,0.0
R980,0.0,0.0,0.0,0.0,0.0
R982,0.0,0.0,0.0,0.0,0.0
R985,0.0,0.0,0.0,0.0,0.0
R989,0.0,0.0,0.0,0.0,0.0
R990,0.0,0.0,0.0,0.0,0.0
R992,0.0,0.0,0.0,0.0,0.0
R995,0.0,0.0,0.0,0.0,0.0
R999,0.0,0.0,0.0,0.0,0.0
